VADEA_ID,VADEA_Breddegrad,VADEA_Lengdegrad,VADEA_Indeks
FJ_RSO_1,59.9367467,10.88037366,1160
FJ_RSO_10,59.6030795,10.794033600000001,1151
FJ_RSO_100,59.277389999999997,11.054600000000001,1275
FJ_RSO_1000,59.229749200000001,10.9213857,322
FJ_RSO_1001,60.3605011,11.2805798,321
FJ_RSO_1002,59.996028699999997,10.7526885,331
FJ_RSO_1004,59.907455900000002,10.592268900000001,345
FJ_RSO_1005,59.592936000000002,11.123986199999999,346
FJ_RSO_1006,59.760289999999998,11.45684,369
FJ_RSO_1007,59.252259500000001,10.896923299999999,368
FJ_RSO_1008,59.919768220000002,11.432070209999999,367
FJ_RSO_1009,58.973699099999997,11.499098200000001,366
FJ_RSO_101,60.267743799999998,11.088714700000001,1274
FJ_RSO_1010,59.582160000000002,11.229480000000001,365
FJ_RSO_1011,59.720970000000001,10.66506,364
FJ_RSO_1012,59.434780699999997,11.086219,363
FJ_RSO_1013,59.8185006,10.797965899999999,362
FJ_RSO_1014,59.83268236,10.6882082,361
FJ_RSO_1015,59.756349999999998,10.60779,360
FJ_RSO_1016,59.397767999999999,10.654677100000001,359
FJ_RSO_1017,59.223067499999999,10.946844,358
FJ_RSO_1018,60.0467996,11.3337275,357
FJ_RSO_1019,59.606716499999997,10.769580599999999,356
FJ_RSO_102,59.833500000000001,10.465999999999999,1273
FJ_RSO_1020,59.665222100000001,10.654258499999999,355
FJ_RSO_1021,60.103867000000001,11.4790358,354
FJ_RSO_1022,59.854619999999997,10.421950000000001,353
FJ_RSO_1023,59.888566699999998,10.506039299999999,352
FJ_RSO_1024,60.007393100000002,11.3065333,351
FJ_RSO_1025,59.62594,10.65517,350
FJ_RSO_1026,60.278416399999998,11.185147199999999,349
FJ_RSO_1027,59.539253100000003,11.0940303,348
FJ_RSO_1028,59.200302000000001,10.9336184,347
FJ_RSO_1029,59.365924700000001,10.6961142,214
FJ_RSO_103,60.115440200000002,11.5464951,1272
FJ_RSO_1030,58.187980000000003,8.0883400000000005,398
FJ_RSO_1031,59.192552300000003,10.865270000000001,213
FJ_RSO_1032,59.674374800000002,10.680369600000001,185
FJ_RSO_1033,59.4137457,10.696055899999999,76
FJ_RSO_1035,59.588830000000002,10.8179,74
FJ_RSO_1036,59.668817699999998,10.810216,73
FJ_RSO_1037,59.4100848,11.3575243,72
FJ_RSO_1038,59.397151999999998,11.458651100000001,71
FJ_RSO_1039,59.831629999999997,11.35327,70
FJ_RSO_104,59.605490000000003,11.55566,1271
FJ_RSO_1040,59.965384499999999,11.2198688,69
FJ_RSO_1041,59.956204700000001,10.7075143,68
FJ_RSO_1042,59.327080000000002,11.302659999999999,67
FJ_RSO_1043,58.700274700000001,9.1426382999999998,77
FJ_RSO_1045,59.496832900000001,10.853685199999999,64
FJ_RSO_1046,59.2465081,11.026370999999999,63
FJ_RSO_1047,59.758750200000001,10.845546000000001,62
FJ_RSO_1049,60.065752199999999,11.4229375,60
FJ_RSO_105,59.2473314,10.892370700000001,1270
FJ_RSO_1050,60.182841199999999,9.0046377,59
FJ_RSO_1051,59.501259300000001,10.695834400000001,58
FJ_RSO_1052,59.679470000000002,10.876609999999999,57
FJ_RSO_1053,58.9420152,11.6587953,56
FJ_RSO_1054,59.539267899999999,10.7362237,55
FJ_RSO_1055,59.999425000000002,11.0080347,65
FJ_RSO_1056,59.036042500000001,11.011981499999999,78
FJ_RSO_1057,59.106370900000002,10.8715668,79
FJ_RSO_1058,59.879519999999999,10.449170000000001,80
FJ_RSO_1059,59.6058685,11.607713499999999,103
FJ_RSO_106,59.244443500000003,10.9913708,1269
FJ_RSO_1061,60.123080000000002,11.20359,101
FJ_RSO_1062,59.950369999999999,10.772641200000001,100
FJ_RSO_1064,59.829508099999998,10.4810742,98
FJ_RSO_1065,59.251159999999999,11.063789999999999,97
FJ_RSO_1066,60.150753999999999,11.227042900000001,96
FJ_RSO_1067,59.824770000000001,11.15347,95
FJ_RSO_1068,59.484990699999997,11.107206100000001,94
FJ_RSO_1069,59.150700000000001,11.240019999999999,93
FJ_RSO_107,59.364424499999998,11.3986698,1268
FJ_RSO_1070,59.9413476,10.9698805,92
FJ_RSO_1071,61.349126599999998,9.7642880000000005,91
FJ_RSO_1072,59.892380000000003,11.182410000000001,90
FJ_RSO_1073,60.174199999999999,11.48847,89
FJ_RSO_1074,59.948839360000001,10.63744603,88
FJ_RSO_1075,59.350068700000001,10.8921233,87
FJ_RSO_1076,60.254370600000001,11.3002593,86
FJ_RSO_1077,60.205590000000001,11.012,85
FJ_RSO_1078,59.909927099999997,10.786562,84
FJ_RSO_1079,60.143070000000002,11.026260000000001,83
FJ_RSO_108,60.229872499999999,11.5164472,1267
FJ_RSO_1080,59.600340000000003,11.28271,82
FJ_RSO_1081,59.9358152,10.659824800000001,81
FJ_RSO_1082,60.252083599999999,11.0270949,54
FJ_RSO_1083,59.835545099999997,10.3843678,104
FJ_RSO_1084,60.290412199999999,11.237208000000001,53
FJ_RSO_1085,59.707599999999999,11.14359,51
FJ_RSO_1086,59.923668200000002,10.7659384,23
FJ_RSO_1087,60.038049999999998,11.37106,22
FJ_RSO_1088,60.126600600000003,11.1001178,21
FJ_RSO_1089,59.927160000000001,10.76193,20
FJ_RSO_109,59.217216299999997,10.8420659,1266
FJ_RSO_1090,60.023204900000003,11.0996056,19
FJ_RSO_1091,60.417574299999998,11.0362343,18
FJ_RSO_1092,59.672004600000001,10.6428539,17
FJ_RSO_1093,59.948484200000003,11.011809899999999,16
FJ_RSO_1094,59.301130000000001,11.415039999999999,15
FJ_RSO_1096,59.848300000000002,10.413930000000001,24
FJ_RSO_1097,59.510976399999997,10.696135,13
FJ_RSO_1098,59.13044,11.40371,11
FJ_RSO_1099,59.2335177,10.9791817,10
FJ_RSO_11,59.449453599999998,10.6769052,1150
FJ_RSO_110,59.189890599999998,9.9858872999999999,1265
FJ_RSO_1100,59.861619699999999,10.662055199999999,9
FJ_RSO_1101,59.500322799999999,11.3933936,8
FJ_RSO_1102,60.469459999999998,11.0244,7
FJ_RSO_1103,60.342799999999997,11.27046,6
FJ_RSO_1104,59.763010000000001,11.51601,5
FJ_RSO_1105,59.620719999999999,11.41015,4
FJ_RSO_1106,59.233785300000001,10.427858799999999,3
FJ_RSO_1107,60.397509999999997,11.19205,2
FJ_RSO_1108,60.128476800000001,11.4175486,12
FJ_RSO_1109,60.130369999999999,11.4483,25
FJ_RSO_111,59.924053100000002,11.213044500000001,1264
FJ_RSO_1110,59.222476299999997,10.944915,26
FJ_RSO_1111,59.816969999999998,10.460940000000001,27
FJ_RSO_1112,60.156269999999999,11.4967881,50
FJ_RSO_1113,60.255508800000001,11.294701,49
FJ_RSO_1114,59.083033700000001,10.952600800000001,48
FJ_RSO_1115,59.538060000000002,10.78004,47
FJ_RSO_1116,60.25329,11.5969,46
FJ_RSO_1117,60.460926000000001,11.2746716,45
FJ_RSO_1118,59.831560000000003,10.69172,44
FJ_RSO_1119,59.733544799999997,9.9415812999999993,43
FJ_RSO_112,59.361611199999999,10.875962400000001,1263
FJ_RSO_1120,59.604763699999999,11.0760772,42
FJ_RSO_1121,59.2041331,10.883762300000001,41
FJ_RSO_1122,59.103352800000003,11.403229,40
FJ_RSO_1123,60.092072100000003,11.465173999999999,39
FJ_RSO_1124,59.084079500000001,10.8726226,38
FJ_RSO_1125,59.0046696,11.524975599999999,37
FJ_RSO_1126,59.814492700000002,11.7271386,36
FJ_RSO_1127,59.141500000000001,11.45481,35
FJ_RSO_1128,59.374380000000002,11.548170000000001,34
FJ_RSO_1129,59.756064000000002,11.1609655,33
FJ_RSO_113,60.3646867,10.5407929,1262
FJ_RSO_1130,68.4811847,16.882965299999999,32
FJ_RSO_1131,59.720799399999997,10.829014900000001,31
FJ_RSO_1132,59.458839300000001,10.694855,30
FJ_RSO_1133,59.647649999999999,10.712260000000001,29
FJ_RSO_1134,60.254964600000001,11.028355599999999,28
FJ_RSO_1135,59.664217219999998,9.6630993099999998,52
FJ_RSO_1136,60.010944100000003,10.9306603,105
FJ_RSO_1137,60.155192200000002,11.178924800000001,106
FJ_RSO_1138,61.068763599999997,9.0170171000000003,107
FJ_RSO_1139,60.706529699999997,11.9354435,183
FJ_RSO_114,59.058227049999999,11.433147290000001,1261
FJ_RSO_1140,59.8827523,10.8178222,182
FJ_RSO_1141,60.063801900000001,11.0482429,181
FJ_RSO_1142,59.612569999999998,11.415139999999999,180
FJ_RSO_1143,59.653779999999998,11.40203,179
FJ_RSO_1144,59.538150000000002,10.721120000000001,178
FJ_RSO_1146,59.249285100000002,10.988443800000001,176
FJ_RSO_1147,59.214827200000002,10.898875200000001,175
FJ_RSO_1148,60.1603596,11.4462688,174
FJ_RSO_1149,59.486379999999997,11.66832,173
FJ_RSO_115,59.808549999999997,10.446009999999999,1260
FJ_RSO_1150,59.352246000000001,11.411128400000001,172
FJ_RSO_1151,59.4524987,11.683275099999999,171
FJ_RSO_1152,59.531570000000002,11.438219999999999,170
FJ_RSO_1153,60.165390000000002,11.00975,169
FJ_RSO_1154,59.90249,10.80739,168
FJ_RSO_1155,59.489128999999998,10.9165545,167
FJ_RSO_1156,59.689964600000003,10.7173225,166
FJ_RSO_1157,59.890270399999999,10.841075399999999,165
FJ_RSO_1158,59.938824699999998,10.712455500000001,164
FJ_RSO_1159,59.844320000000003,10.42712,163
FJ_RSO_116,59.338540000000002,10.84046,1259
FJ_RSO_1161,59.775808699999999,10.707143,161
FJ_RSO_1162,59.915985300000003,10.9473818,184
FJ_RSO_1163,60.015470000000001,10.632300000000001,186
FJ_RSO_1164,59.874209999999998,10.47639,211
FJ_RSO_1165,60.483584700000002,11.0029336,187
FJ_RSO_1166,59.5783202,11.164398800000001,210
FJ_RSO_1167,59.892661400000001,10.5277086,209
FJ_RSO_1168,59.267707899999998,11.0217521,208
FJ_RSO_1169,59.361050900000002,11.417401999999999,207
FJ_RSO_117,59.739799300000001,11.022990699999999,1258
FJ_RSO_1170,59.929899599999999,10.951484799999999,206
FJ_RSO_1171,59.760829999999999,11.82274,205
FJ_RSO_1172,59.145118699999998,11.457217,204
FJ_RSO_1173,59.925719999999998,11.55851,203
FJ_RSO_1174,59.950361899999997,10.8729449,202
FJ_RSO_1175,59.671559999999999,10.757389999999999,201
FJ_RSO_1176,59.41825,11.64536,200
FJ_RSO_1177,59.22616,10.818289999999999,199
FJ_RSO_1178,59.132012899999999,11.258259199999999,198
FJ_RSO_1179,59.602580000000003,11.29693,197
FJ_RSO_118,59.387433999999999,11.7366405,1257
FJ_RSO_1180,62.605269999999997,11.65103,196
FJ_RSO_1181,60.213850000000001,11.255000000000001,195
FJ_RSO_1182,60.433026599999998,11.0769293,194
FJ_RSO_1183,60.144710000000003,11.092829999999999,193
FJ_RSO_1184,59.186587940000003,11.04210889,192
FJ_RSO_1185,59.773609999999998,11.352259999999999,191
FJ_RSO_1186,59.572760000000002,10.885619999999999,190
FJ_RSO_1187,60.38364,11.079040000000001,189
FJ_RSO_1188,60.20552,10.956379999999999,188
FJ_RSO_1189,59.526209999999999,11.177060000000001,160
FJ_RSO_119,59.162004799999998,11.1563669,1256
FJ_RSO_1190,60.090679999999999,11.22574,159
FJ_RSO_1191,59.516511899999998,11.302868200000001,158
FJ_RSO_1192,59.6662398,10.805263800000001,157
FJ_RSO_1194,60.194960000000002,11.48687,128
FJ_RSO_1195,60.347020000000001,11.040290000000001,127
FJ_RSO_1196,60.248424200000002,11.194545099999999,126
FJ_RSO_1197,59.609110000000001,11.040940000000001,125
FJ_RSO_1198,59.330539999999999,10.715439999999999,124
FJ_RSO_1199,59.410640000000001,11.331429999999999,123
FJ_RSO_12,60.144602599999999,12.0551423,1149
FJ_RSO_120,59.595779999999998,11.130380000000001,1255
FJ_RSO_1200,60.262949999999996,11.01951,122
FJ_RSO_1201,59.3952308,11.3849231,121
FJ_RSO_1202,59.67586,11.264989999999999,120
FJ_RSO_1203,59.771680000000003,11.14602,130
FJ_RSO_1204,59.650034400000003,11.079483099999999,119
FJ_RSO_1206,59.726030000000002,11.494070000000001,116
FJ_RSO_1207,59.630755800000003,11.3107579,115
FJ_RSO_1208,59.380209999999998,11.384729999999999,114
FJ_RSO_1209,59.624160000000003,11.22053,113
FJ_RSO_121,59.8881139,10.836631000000001,1254
FJ_RSO_1210,59.391027299999998,11.464134400000001,112
FJ_RSO_1211,59.23066,11.46435,111
FJ_RSO_1212,59.896137199999998,10.4949488,110
FJ_RSO_1213,59.448810000000002,11.650069999999999,109
FJ_RSO_1214,60.41283,11.02819,108
FJ_RSO_1215,59.320184099999999,11.1552375,118
FJ_RSO_1216,59.450539999999997,10.8552,131
FJ_RSO_1217,59.338193799999999,10.9774447,132
FJ_RSO_1218,59.2738254,11.1501128,133
FJ_RSO_1219,60.127433000000003,11.536681099999999,156
FJ_RSO_1220,59.566009999999999,11.13144,155
FJ_RSO_1221,59.291040000000002,10.88627,154
FJ_RSO_1222,59.945300000000003,10.744009999999999,153
FJ_RSO_1224,59.219101899999998,10.9409197,151
FJ_RSO_1225,59.366500000000002,10.74898,150
FJ_RSO_1226,59.276670000000003,11.26656,149
FJ_RSO_1227,60.000279999999997,11.39029,148
FJ_RSO_1228,60.305092199999997,11.2492725,147
FJ_RSO_1229,59.935994100000002,10.682563699999999,146
FJ_RSO_123,60.373469999999998,11.271599999999999,1225
FJ_RSO_1231,59.377614700000002,11.7194907,144
FJ_RSO_1232,59.63017,10.848979999999999,143
FJ_RSO_1233,59.374980000000001,11.41419,142
FJ_RSO_1234,59.587057600000001,11.5688557,141
FJ_RSO_1235,59.55198,11.40338,140
FJ_RSO_1237,59.560283599999998,11.3318926,138
FJ_RSO_1238,59.512329999999999,11.26901,137
FJ_RSO_1239,59.409694500000001,11.7229052,136
FJ_RSO_124,59.359020000000001,10.78375,1224
FJ_RSO_1240,60.212800000000001,11.34273,135
FJ_RSO_1241,59.219839299999997,10.7932165,134
FJ_RSO_1242,59.6864232,11.540463300000001,212
FJ_RSO_1243,59.6864232,11.540463300000001,426
FJ_RSO_1244,59.335430000000002,10.93702,638
FJ_RSO_1245,59.748087099999999,11.3799519,427
FJ_RSO_1246,60.185618900000001,10.986050499999999,715
FJ_RSO_1247,60.364147899999999,11.212501899999999,714
FJ_RSO_1248,59.295395800000001,11.219616200000001,713
FJ_RSO_1249,59.827959999999997,10.392150000000001,712
FJ_RSO_125,59.24821,11.02745,1223
FJ_RSO_1250,60.047404700000001,11.0652943,711
FJ_RSO_1251,59.485143000000001,11.227486000000001,710
FJ_RSO_1252,59.605580000000003,11.12496,709
FJ_RSO_1253,59.920127700000002,10.661742500000001,708
FJ_RSO_1254,59.3821783,10.753473400000001,707
FJ_RSO_1255,59.9636906,10.7285527,706
FJ_RSO_1256,60.3162181,11.293607099999999,716
FJ_RSO_1257,59.368180000000002,10.793290000000001,705
FJ_RSO_1258,59.077280000000002,10.94965,703
FJ_RSO_1259,59.543284200000002,10.7496124,702
FJ_RSO_126,59.944940000000003,10.51577,1222
FJ_RSO_1260,59.83869,10.42475,701
FJ_RSO_1261,59.885449999999999,10.504390000000001,700
FJ_RSO_1262,59.947217299999998,11.010067899999999,699
FJ_RSO_1263,59.446065900000001,10.690265999999999,698
FJ_RSO_1264,59.607869999999998,10.655860000000001,697
FJ_RSO_1265,59.653939999999999,10.99099,696
FJ_RSO_1266,60.163769899999998,10.992827,695
FJ_RSO_1267,60.38064,11.264099999999999,694
FJ_RSO_1268,60.059838399999997,10.8604141,704
FJ_RSO_1269,59.867570000000001,10.81507,717
FJ_RSO_127,60.463090000000001,11.02833,1194
FJ_RSO_1270,60.006038599999997,11.0301755,718
FJ_RSO_1271,59.221510299999998,10.2927517,719
FJ_RSO_1272,59.304515600000002,11.1293446,742
FJ_RSO_1273,59.703389100000003,11.2977738,741
FJ_RSO_1274,59.245508800000003,11.0368683,740
FJ_RSO_1275,59.581310299999998,11.104638899999999,739
FJ_RSO_1276,59.201741400000003,11.332057000000001,738
FJ_RSO_1277,59.496425299999999,10.8343481,737
FJ_RSO_1278,59.426034799999996,11.4404082,736
FJ_RSO_1279,59.406260000000003,11.72256,735
FJ_RSO_128,59.830600500000003,11.135608,1193
FJ_RSO_1280,59.229319500000003,10.956240599999999,734
FJ_RSO_1281,59.680876900000001,10.8815811,733
FJ_RSO_1282,59.2358026,10.9456203,732
FJ_RSO_1283,60.1241901,11.3366246,731
FJ_RSO_1284,59.610322500000002,11.0901809,730
FJ_RSO_1285,59.138900399999997,11.3959022,729
FJ_RSO_1286,59.70364,10.645989999999999,728
FJ_RSO_1287,59.503259999999997,11.355560000000001,727
FJ_RSO_1288,59.179580000000001,11.22092,726
FJ_RSO_1289,59.935298000000003,10.650224100000001,725
FJ_RSO_129,59.405106500000002,11.3446327,1192
FJ_RSO_1290,59.609279999999998,10.88575,724
FJ_RSO_1291,59.840635200000001,11.258231500000001,723
FJ_RSO_1292,59.812436599999998,10.693146199999999,722
FJ_RSO_1294,59.430161499999997,10.6761268,720
FJ_RSO_1295,59.866964799999998,10.499581299999999,693
FJ_RSO_1296,59.059341099999997,11.5130195,743
FJ_RSO_1297,59.853085,10.4130702,692
FJ_RSO_1298,60.304066200000001,11.303905800000001,690
FJ_RSO_1299,60.040083099999997,11.366304299999999,662
FJ_RSO_13,60.406855899999996,11.2453637,1148
FJ_RSO_130,59.4269988,10.675869499999999,1191
FJ_RSO_1300,60.040083099999997,11.366304299999999,661
FJ_RSO_1301,60.114864300000001,11.4636966,660
FJ_RSO_1302,59.651508800000002,10.6929236,659
FJ_RSO_1303,60.253604799999998,11.028589699999999,658
FJ_RSO_1304,59.686229400000002,10.753903599999999,657
FJ_RSO_1305,59.392150000000001,11.546559999999999,656
FJ_RSO_1306,59.978870000000001,11.31678,655
FJ_RSO_1307,59.353267099999997,11.189335099999999,654
FJ_RSO_1308,59.209051000000002,11.2465391,653
FJ_RSO_1309,59.71707,10.81767,663
FJ_RSO_131,59.262590000000003,10.83935,1190
FJ_RSO_1310,61.07108625,9.9355718500000005,652
FJ_RSO_1311,59.214488500000002,10.9036042,650
FJ_RSO_1312,60.097799799999997,11.450344899999999,649
FJ_RSO_1313,60.113700000000001,10.991899999999999,648
FJ_RSO_1314,59.856670000000001,10.65527,647
FJ_RSO_1315,60.170059999999999,11.03389,646
FJ_RSO_1316,59.949926300000001,10.643698000000001,645
FJ_RSO_1317,59.954679499999997,10.8659052,644
FJ_RSO_1318,59.967231200000001,10.7940852,643
FJ_RSO_1319,59.914569999999998,10.430720000000001,642
FJ_RSO_132,60.11018,11.434229999999999,1189
FJ_RSO_1320,59.983699999999999,10.472009999999999,641
FJ_RSO_1321,59.384210000000003,11.21668,651
FJ_RSO_1322,59.943817199999998,11.053528999999999,664
FJ_RSO_1323,59.134401099999998,11.4330447,665
FJ_RSO_1325,59.587162200000002,11.1859214,689
FJ_RSO_1326,59.73028,11.205360000000001,688
FJ_RSO_1327,59.052399999999999,11.02825,687
FJ_RSO_1328,60.365169999999999,11.26728,686
FJ_RSO_1329,59.379550000000002,10.72052,685
FJ_RSO_133,59.918862900000001,10.8214071,1188
FJ_RSO_1330,59.848338099999999,10.790025,684
FJ_RSO_1331,59.881144999999997,10.8423576,683
FJ_RSO_1332,59.259650000000001,10.93995,682
FJ_RSO_1333,59.759296300000003,10.7272029,681
FJ_RSO_1334,59.124037000000001,11.442693800000001,680
FJ_RSO_1335,60.966521299999997,11.6733548,679
FJ_RSO_1336,59.951213699999997,10.635723799999999,678
FJ_RSO_1337,59.817403300000002,10.684748600000001,677
FJ_RSO_1338,59.959902399999997,10.8948321,676
FJ_RSO_1339,59.6756423,10.373931600000001,675
FJ_RSO_134,59.071379999999998,10.94257,1187
FJ_RSO_1340,60.545887800000003,11.918169000000001,674
FJ_RSO_1341,60.012079999999997,10.967919999999999,673
FJ_RSO_1342,60.222299999999997,11.035,672
FJ_RSO_1343,59.725999999999999,10.11786,671
FJ_RSO_1344,59.083629999999999,11.44407,670
FJ_RSO_1345,59.860115999999998,11.098142299999999,669
FJ_RSO_1346,59.964630900000003,11.064497899999999,668
FJ_RSO_1347,59.755189199999997,10.8522208,667
FJ_RSO_1348,59.939554399999999,10.635131599999999,691
FJ_RSO_1349,60.055540000000001,10.872249999999999,744
FJ_RSO_135,59.731788600000002,11.0063747,1186
FJ_RSO_1350,59.742988420000003,10.599228589999999,745
FJ_RSO_1351,59.654936800000002,11.023929300000001,746
FJ_RSO_1352,60.176389999999998,11.413740000000001,822
FJ_RSO_1353,60.210487899999997,10.996307699999999,821
FJ_RSO_1354,60.321918599999997,11.240088500000001,820
FJ_RSO_1355,59.585358800000002,11.077808900000001,819
FJ_RSO_1356,60.135479799999999,11.2138901,818
FJ_RSO_1357,59.7631236,10.442828,817
FJ_RSO_1358,59.999482800000003,11.312492900000001,816
FJ_RSO_1359,59.905519400000003,10.817922299999999,815
FJ_RSO_136,59.2590492,11.163584699999999,1185
FJ_RSO_1360,59.363976700000002,11.3552213,814
FJ_RSO_1361,60.160969999999999,11.191269999999999,813
FJ_RSO_1362,59.279690000000002,11.07368,812
FJ_RSO_1363,59.90211,10.79358,811
FJ_RSO_1364,59.808629199999999,10.8825565,810
FJ_RSO_1365,59.2413539,10.9236124,809
FJ_RSO_1366,59.430840000000003,11.4084,808
FJ_RSO_1367,60.376576700000001,11.219132099999999,807
FJ_RSO_1368,59.985202999999998,11.0311577,806
FJ_RSO_1369,60.134230000000002,11.204470000000001,805
FJ_RSO_137,59.603740000000002,11.204789999999999,1195
FJ_RSO_1370,60.443250499999998,12.0582125,804
FJ_RSO_1371,59.764119999999998,11.27652,803
FJ_RSO_1372,59.287894600000001,11.1808145,802
FJ_RSO_1373,59.931025920000003,10.714976979999999,801
FJ_RSO_1374,59.489879600000002,11.010519499999999,800
FJ_RSO_1375,60.092832899999998,11.0533897,823
FJ_RSO_1376,59.582480799999999,11.1416957,825
FJ_RSO_1377,59.515190699999998,10.845088199999999,850
FJ_RSO_1378,60.135015199999998,11.3738382,826
FJ_RSO_1379,59.861620000000002,11.25436,849
FJ_RSO_1380,59.47636,11.157870000000001,848
FJ_RSO_1381,59.314430000000002,11.04294,847
FJ_RSO_1382,59.229194200000002,11.682539500000001,846
FJ_RSO_1383,59.045805799999997,11.4394335,845
FJ_RSO_1384,59.624519999999997,11.08145,844
FJ_RSO_1385,59.76623,10.675369999999999,843
FJ_RSO_1386,60.032919999999997,10.88635,842
FJ_RSO_1387,59.277678000000002,11.1184092,841
FJ_RSO_1389,60.1081,11.07564,839
FJ_RSO_139,60.452359999999999,11.06527,1182
FJ_RSO_1390,60.350790000000003,11.36519,838
FJ_RSO_1391,59.182540000000003,11.222110000000001,837
FJ_RSO_1392,59.627620100000001,11.1653371,836
FJ_RSO_1393,59.935400000000001,10.42385,835
FJ_RSO_1394,59.2980175,11.215483799999999,834
FJ_RSO_1395,59.945520999999999,10.7687569,833
FJ_RSO_1396,59.667455500000003,10.8010468,832
FJ_RSO_1397,59.710573799999999,10.824408699999999,831
FJ_RSO_1398,59.257130500000002,10.8543761,830
FJ_RSO_14,67.280821299999999,14.476246700000001,1147
FJ_RSO_140,60.194882499999999,11.0308806,1181
FJ_RSO_1400,59.526913399999998,10.694293999999999,828
FJ_RSO_1401,60.105269999999997,11.05001,827
FJ_RSO_1402,59.671691099999997,10.801854799999999,799
FJ_RSO_1403,60.007491770000001,11.37749183,798
FJ_RSO_1404,59.651530000000001,11.07687,797
FJ_RSO_1405,59.612873399999998,11.0868117,796
FJ_RSO_1406,59.361289999999997,10.72204,768
FJ_RSO_1407,59.80509,10.66625,767
FJ_RSO_1408,59.506310999999997,10.8133626,766
FJ_RSO_1409,59.217329999999997,11.116960000000001,765
FJ_RSO_141,60.737234100000002,11.8222951,1180
FJ_RSO_1410,59.212009999999999,11.10805,764
FJ_RSO_1411,60.104019999999998,11.05803,763
FJ_RSO_1412,59.533002799999998,10.773007399999999,762
FJ_RSO_1413,60.107019999999999,11.38641,761
FJ_RSO_1414,59.5608,10.99061,760
FJ_RSO_1415,59.9461394,10.814936299999999,759
FJ_RSO_1416,59.951339699999998,11.0195042,769
FJ_RSO_1417,59.607529999999997,11.37035,758
FJ_RSO_1418,59.881088599999998,10.6051997,756
FJ_RSO_1419,59.1042086,11.3860677,755
FJ_RSO_142,59.373112599999999,11.464154600000001,1179
FJ_RSO_1420,59.335883199999998,11.408906,754
FJ_RSO_1421,60.31071,11.18055,753
FJ_RSO_1422,60.228422600000002,11.163143699999999,752
FJ_RSO_1423,59.513750899999998,11.2642089,751
FJ_RSO_1424,60.108110099999998,11.036959899999999,750
FJ_RSO_1426,60.142146699999998,11.481716199999999,748
FJ_RSO_1427,60.142146699999998,11.481716199999999,747
FJ_RSO_1428,62.379086299999997,6.5488410000000004,757
FJ_RSO_1429,59.939585700000002,10.875725600000001,770
FJ_RSO_143,59.140726600000001,11.390602599999999,1178
FJ_RSO_1430,59.229605399999997,11.4770558,771
FJ_RSO_1431,59.937194699999999,10.7443203,772
FJ_RSO_1432,59.849556900000003,10.803389900000001,795
FJ_RSO_1433,59.757249999999999,11.257619999999999,794
FJ_RSO_1434,59.960046749999997,10.9232741,793
FJ_RSO_1435,59.922068799999998,11.1450631,792
FJ_RSO_1436,59.603022899999999,10.8599842,791
FJ_RSO_1437,59.653660000000002,10.663690000000001,790
FJ_RSO_1438,59.805313699999999,10.6204593,789
FJ_RSO_1439,59.825676299999998,10.4743935,788
FJ_RSO_144,59.848379999999999,10.68544,1177
FJ_RSO_1440,59.073106000000003,11.068012400000001,787
FJ_RSO_1441,59.995076599999997,10.9063181,786
FJ_RSO_1442,60.170831300000003,11.4258486,785
FJ_RSO_1443,60.5558263,11.1873697,784
FJ_RSO_1444,59.853209,11.2352101,783
FJ_RSO_1445,60.061777499999998,11.4197709,782
FJ_RSO_1446,59.12491,11.46299,781
FJ_RSO_1447,60.30838,11.27617,780
FJ_RSO_1448,60.413103999999997,11.0646495,779
FJ_RSO_1449,60.188279999999999,10.97809,778
FJ_RSO_145,59.293651099999998,11.063522900000001,1176
FJ_RSO_1450,59.922627900000002,10.7557391,777
FJ_RSO_1451,60.1950772,11.012221,776
FJ_RSO_1452,59.824108699999996,10.787815,775
FJ_RSO_1453,59.197592700000001,10.955599100000001,774
FJ_RSO_1454,59.853878700000003,10.674041600000001,773
FJ_RSO_1455,59.405216899999999,11.1737816,640
FJ_RSO_1456,59.279663200000002,11.4728976,824
FJ_RSO_1457,60.02449,11.209860000000001,639
FJ_RSO_1458,59.673200000000001,10.89232,611
FJ_RSO_1459,59.354410000000001,11.38923,502
FJ_RSO_146,59.985547199999999,10.754052099999999,1175
FJ_RSO_1460,59.090194199999999,10.916384799999999,501
FJ_RSO_1461,59.444130000000001,11.67947,500
FJ_RSO_1462,59.710230000000003,11.45162,499
FJ_RSO_1463,59.762594200000002,10.583225300000001,498
FJ_RSO_1464,59.544719999999998,11.45243,497
FJ_RSO_1465,59.536935499999998,11.429143699999999,496
FJ_RSO_1466,59.828167100000002,10.3924813,495
FJ_RSO_1467,59.911486699999998,10.5789648,494
FJ_RSO_1468,59.248839500000003,10.997011199999999,493
FJ_RSO_1469,59.457940000000001,11.667490000000001,503
FJ_RSO_147,59.537798199999997,11.393205200000001,1174
FJ_RSO_1470,60.100020000000001,11.580719999999999,492
FJ_RSO_1471,59.651380000000003,11.31986,490
FJ_RSO_1472,59.06861,11.070489999999999,489
FJ_RSO_1473,59.95335,10.697789999999999,488
FJ_RSO_1474,59.235030000000002,10.92855,487
FJ_RSO_1475,59.8827,10.61201,486
FJ_RSO_1477,69.026000600000003,19.2737339,484
FJ_RSO_1478,59.636769999999999,10.94122,483
FJ_RSO_1479,59.448779999999999,10.829269999999999,482
FJ_RSO_1480,59.354379999999999,11.1775,481
FJ_RSO_1481,59.613410000000002,11.09277,491
FJ_RSO_1482,59.718739999999997,10.60655,504
FJ_RSO_1483,59.826145500000003,10.7890177,505
FJ_RSO_1484,60.129049999999999,11.532870000000001,506
FJ_RSO_1485,60.014310000000002,10.791230000000001,529
FJ_RSO_1486,59.975279999999998,11.2554,528
FJ_RSO_1487,59.5848175,11.1316647,527
FJ_RSO_1488,59.823715300000003,10.841093799999999,526
FJ_RSO_1489,60.144884300000001,11.1933867,525
FJ_RSO_149,59.203600000000002,10.8787,1183
FJ_RSO_1490,59.732460000000003,10.827019999999999,524
FJ_RSO_1491,59.386844099999998,11.1237385,523
FJ_RSO_1492,59.330530000000003,10.823779999999999,522
FJ_RSO_1493,60.134374000000001,11.2137311,521
FJ_RSO_1494,60.419159999999998,11.0593,520
FJ_RSO_1495,59.266768900000002,10.789559300000001,519
FJ_RSO_1496,59.76558,11.133929999999999,518
FJ_RSO_1497,59.682132299999999,10.735635800000001,517
FJ_RSO_1498,59.829935599999999,11.147380999999999,516
FJ_RSO_1499,59.114147199999998,10.9050928,515
FJ_RSO_15,59.726497899999998,10.842221,1146
FJ_RSO_150,60.017740000000003,11.10643,1196
FJ_RSO_1500,59.114108899999998,11.466790700000001,514
FJ_RSO_1501,59.201740000000001,10.880599999999999,513
FJ_RSO_1503,59.570360000000001,11.473380000000001,511
FJ_RSO_1504,59.214733500000001,11.0545341,510
FJ_RSO_1505,59.953222400000001,11.0632623,509
FJ_RSO_1506,59.847063800000001,10.7900083,508
FJ_RSO_1507,60.28331,11.08394,507
FJ_RSO_1508,60.287526499999998,11.1514527,480
FJ_RSO_1509,59.721260000000001,10.798780000000001,530
FJ_RSO_151,59.9547758,11.069036199999999,1197
FJ_RSO_1510,59.296955400000002,10.9105454,479
FJ_RSO_1511,59.8473823,10.7777105,477
FJ_RSO_1512,60.3120653,11.2963758,449
FJ_RSO_1513,60.0272243,10.889917000000001,448
FJ_RSO_1514,59.974968699999998,11.2437907,447
FJ_RSO_1515,59.809434000000003,10.790363299999999,446
FJ_RSO_1516,59.865290000000002,10.792669999999999,445
FJ_RSO_1517,59.337960000000002,11.066330000000001,444
FJ_RSO_1518,59.162530500000003,11.357711,443
FJ_RSO_1519,59.303040000000003,11.402430000000001,442
FJ_RSO_152,60.225865599999999,11.080992800000001,1198
FJ_RSO_1520,59.652340000000002,11.15518,441
FJ_RSO_1521,59.576144599999999,10.7900107,440
FJ_RSO_1522,59.6081,11.443289999999999,450
FJ_RSO_1523,59.749924800000002,11.153934599999999,439
FJ_RSO_1524,59.43282,11.69018,437
FJ_RSO_1525,60.142778900000003,11.178696,436
FJ_RSO_1526,59.231412900000002,10.9952387,435
FJ_RSO_1527,60.076673499999998,11.130094700000001,434
FJ_RSO_1528,59.197516299999997,10.828152299999999,433
FJ_RSO_1529,60.168679599999997,11.5417684,432
FJ_RSO_153,59.724994500000001,11.080027100000001,1221
FJ_RSO_1531,59.429236500000002,10.3967373,430
FJ_RSO_1532,59.465425199999999,10.6886207,429
FJ_RSO_1533,64.064743500000006,11.7481065,428
FJ_RSO_1534,60.018570199999999,11.0521539,438
FJ_RSO_1535,60.416196300000003,11.052333000000001,451
FJ_RSO_1536,59.577837000000002,11.1628712,452
FJ_RSO_1537,59.630038300000002,11.615619799999999,453
FJ_RSO_1538,59.204048299999997,10.9528157,476
FJ_RSO_1539,59.23518,11.487769999999999,475
FJ_RSO_154,59.19502,11.24126,1220
FJ_RSO_1540,60.343941399999999,11.1862312,474
FJ_RSO_1541,60.283292000000003,11.083538000000001,473
FJ_RSO_1542,59.784779999999998,10.96449,472
FJ_RSO_1543,59.209969999999998,11.16544,471
FJ_RSO_1544,59.902301799999996,10.5080306,470
FJ_RSO_1546,60.262830000000001,10.47911,468
FJ_RSO_1547,59.761490000000002,11.157730000000001,467
FJ_RSO_1548,59.937216399999997,10.8165607,466
FJ_RSO_1549,59.617370000000001,11.518649999999999,465
FJ_RSO_155,59.750090499999999,10.846260900000001,1219
FJ_RSO_1550,59.933579000000002,10.708103899999999,464
FJ_RSO_1551,59.523883099999999,11.3543643,463
FJ_RSO_1552,60.031456040000002,11.09521329,462
FJ_RSO_1553,59.292496300000003,11.154241000000001,461
FJ_RSO_1554,59.659481399999997,10.6479584,460
FJ_RSO_1555,60.070740000000001,11.398199999999999,459
FJ_RSO_1556,60.126899999999999,11.289210000000001,458
FJ_RSO_1557,59.578130000000002,11.11247,457
FJ_RSO_1558,59.585078600000003,11.3550933,456
FJ_RSO_1559,59.325898299999999,10.8022273,455
FJ_RSO_156,59.783670000000001,10.49615,1218
FJ_RSO_1560,59.439076200000002,10.635374300000001,454
FJ_RSO_1561,59.950800000000001,10.78119,478
FJ_RSO_1562,59.345489999999998,11.156790000000001,531
FJ_RSO_1563,59.896535139999997,10.564247140000001,532
FJ_RSO_1564,60.332685699999999,11.306430900000001,533
FJ_RSO_1565,59.048279999999998,11.04156,609
FJ_RSO_1567,59.984079999999999,11.244160000000001,607
FJ_RSO_1568,59.9051361,10.9533234,606
FJ_RSO_1569,59.071170500000001,11.0693964,605
FJ_RSO_157,60.269843399999999,11.000791299999999,1217
FJ_RSO_1570,59.879353700000003,10.779935800000001,604
FJ_RSO_1571,59.794627400000003,10.692368,603
FJ_RSO_1572,59.9091053,10.515749700000001,602
FJ_RSO_1573,59.898030499999997,10.784278199999999,601
FJ_RSO_1574,59.911270100000003,10.8423278,600
FJ_RSO_1576,59.241909499999998,11.7093373,598
FJ_RSO_1577,59.372990000000001,10.69219,597
FJ_RSO_1578,59.359340000000003,10.782080000000001,596
FJ_RSO_1579,59.167259999999999,11.516249999999999,595
FJ_RSO_158,60.079052900000001,10.9971818,1216
FJ_RSO_1580,60.260677399999999,10.996327300000001,594
FJ_RSO_1581,59.956176300000003,10.468063900000001,593
FJ_RSO_1582,59.539139200000001,11.4640632,592
FJ_RSO_1583,61.264499999999998,10.42309,591
FJ_RSO_1584,59.195828200000001,11.170879299999999,590
FJ_RSO_1585,59.783567699999999,10.7994889,589
FJ_RSO_1586,59.667267699999996,11.002992900000001,588
FJ_RSO_1587,59.94556,10.73887,587
FJ_RSO_159,60.063801900000001,11.0482429,1215
FJ_RSO_1590,60.144371,11.2570724,637
FJ_RSO_1591,60.065458700000001,11.0183005,613
FJ_RSO_1592,60.453299999999999,11.02948,636
FJ_RSO_1593,59.440739999999998,10.82161,635
FJ_RSO_1594,60.336051500000004,11.2668958,634
FJ_RSO_1595,59.344418699999999,10.856450000000001,633
FJ_RSO_1596,59.402320000000003,11.42168,632
FJ_RSO_1599,60.036149999999999,11.28491,629
FJ_RSO_16,60.556498300000001,11.1825262,1119
FJ_RSO_160,59.954039399999999,10.639605700000001,1214
FJ_RSO_1600,59.854239999999997,10.34418,628
FJ_RSO_1601,59.663479700000003,11.3134362,627
FJ_RSO_1602,60.2693771,11.0716052,626
FJ_RSO_1603,60.213518999999998,11.5630738,625
FJ_RSO_1604,59.791896899999998,10.6888796,624
FJ_RSO_1605,59.35895,10.81176,623
FJ_RSO_1606,59.59263,10.725160000000001,622
FJ_RSO_1607,59.780889999999999,11.15734,621
FJ_RSO_1608,59.8773196,11.090199699999999,620
FJ_RSO_1609,63.438314699999999,10.433737499999999,619
FJ_RSO_161,59.485466600000002,10.8730104,1213
FJ_RSO_1610,59.407809399999998,10.476488700000001,618
FJ_RSO_1611,59.103147499999999,10.871460900000001,617
FJ_RSO_1612,59.895269200000001,10.513796599999999,616
FJ_RSO_1613,60.371402799999998,11.202382699999999,615
FJ_RSO_1614,59.562040000000003,10.665990000000001,614
FJ_RSO_1615,59.867117299999997,10.8332224,586
FJ_RSO_1616,59.84272,10.410920000000001,585
FJ_RSO_1617,59.2870743,11.673908300000001,584
FJ_RSO_1618,60.010420000000003,11.164110000000001,583
FJ_RSO_1619,59.914492099999997,10.7630363,555
FJ_RSO_162,59.841650999999999,10.8443688,1212
FJ_RSO_1620,59.974898699999997,11.0166918,554
FJ_RSO_1621,59.712031899999999,11.1315934,553
FJ_RSO_1622,59.818703300000003,10.9992705,552
FJ_RSO_1623,59.303488199999997,11.4048996,551
FJ_RSO_1624,59.835802000000001,11.1332483,550
FJ_RSO_1626,59.373959999999997,11.39561,548
FJ_RSO_1627,60.264401900000003,11.2226134,547
FJ_RSO_1629,59.377587499999997,10.967045499999999,556
FJ_RSO_163,60.301102999999998,11.1583725,1211
FJ_RSO_1630,59.4188787,11.3531119,545
FJ_RSO_1631,59.726289000000001,11.0439282,543
FJ_RSO_1632,59.30621,11.393269999999999,542
FJ_RSO_1633,59.665587299999999,10.7506948,541
FJ_RSO_1634,58.9000664,11.5140741,540
FJ_RSO_1635,59.820588499999999,10.4361557,539
FJ_RSO_1636,59.1136768,11.2776493,538
FJ_RSO_1637,59.270003600000003,11.008077500000001,537
FJ_RSO_1638,59.453560000000003,11.37956,536
FJ_RSO_1639,59.112228399999999,10.8571265,535
FJ_RSO_164,60.336770000000001,11.33182,1210
FJ_RSO_1640,59.069650000000003,11.034269999999999,534
FJ_RSO_1641,59.976072000000002,11.148897,544
FJ_RSO_1642,59.362169999999999,11.379770000000001,557
FJ_RSO_1643,60.492675599999998,10.980319100000001,558
FJ_RSO_1644,59.496780600000001,11.315636599999999,559
FJ_RSO_1645,59.8765389,10.7574527,582
FJ_RSO_1646,60.290912800000001,11.161409799999999,581
FJ_RSO_1647,60.146271400000003,11.176821199999999,580
FJ_RSO_1648,59.275490400000002,11.1037403,579
FJ_RSO_165,60.175564999999999,11.442781800000001,1209
FJ_RSO_1650,60.213100500000003,11.4325996,577
FJ_RSO_1651,59.38729,11.692780000000001,576
FJ_RSO_1653,59.954189999999997,10.50891,574
FJ_RSO_1654,59.299469999999999,11.420640000000001,573
FJ_RSO_1655,60.396929999999998,11.363939999999999,572
FJ_RSO_1656,60.097702300000002,10.349186400000001,571
FJ_RSO_1657,59.959377099999998,10.662346599999999,570
FJ_RSO_1658,60.339026599999997,11.2799139,569
FJ_RSO_1659,59.517710000000001,11.135199999999999,568
FJ_RSO_166,59.8645049,10.472432899999999,1208
FJ_RSO_1661,59.038291200000003,11.049367500000001,566
FJ_RSO_1662,59.770018299999997,11.492534900000001,565
FJ_RSO_1663,60.052529999999997,11.238899999999999,564
FJ_RSO_1664,59.093052499999999,10.875083099999999,563
FJ_RSO_1665,59.773665399999999,10.4281983,562
FJ_RSO_1666,59.944746199999997,11.1011939,561
FJ_RSO_1667,60.3705797,5.3335146,560
FJ_RSO_1668,60.272986199999998,11.1908973,1597
FJ_RSO_1669,59.4187254,11.500028800000001,1704
FJ_RSO_167,59.916301699999998,10.8529372,1207
FJ_RSO_1670,61.034760599999998,11.794631499999999,273
FJ_RSO_1671,59.455829999999999,11.310309999999999,1161
FJ_RSO_1672,60.227558899999998,11.0249749,1162
FJ_RSO_1673,59.667578900000002,10.946530599999999,1163
FJ_RSO_1674,59.8064143,10.8812353,1164
FJ_RSO_1675,59.232930000000003,10.903639999999999,1165
FJ_RSO_1676,59.242400000000004,11.036020000000001,1166
FJ_RSO_1677,60.058217900000002,11.2311876,1167
FJ_RSO_1678,59.614961100000002,10.966829199999999,1168
FJ_RSO_1679,59.417349999999999,10.822190000000001,1145
FJ_RSO_168,60.017000000000003,11.26346,1206
FJ_RSO_1680,59.297030399999997,10.9103388,1144
FJ_RSO_1681,60.538119999999999,11.18413,1143
FJ_RSO_1682,59.418950000000002,11.17581,1130
FJ_RSO_1683,59.918909999999997,10.60915,1120
FJ_RSO_1684,59.014070400000001,11.5184175,1121
FJ_RSO_1685,59.523200000000003,11.276389999999999,1122
FJ_RSO_1686,59.51896,11.24887,1123
FJ_RSO_1687,59.520090400000001,11.2462436,1124
FJ_RSO_1688,59.88158,11.21377,1125
FJ_RSO_1689,60.006349999999998,11.3812,1126
FJ_RSO_169,59.234079999999999,11.38184,1205
FJ_RSO_1690,59.27384,11.428000000000001,1127
FJ_RSO_1691,59.459119999999999,11.66215,1128
FJ_RSO_1693,60.324119000000003,11.2607973,1131
FJ_RSO_1694,60.254759999999997,11.01577,1142
FJ_RSO_1695,59.538589999999999,10.66785,1132
FJ_RSO_1696,59.263775000000003,11.1548833,1133
FJ_RSO_1697,61.1188292,8.8908620000000003,1134
FJ_RSO_1698,60.10436,11.08521,1135
FJ_RSO_17,59.670559099999998,10.8047503,1169
FJ_RSO_170,59.849730000000001,10.413320000000001,1204
FJ_RSO_1700,60.484099999999998,11.151590000000001,1137
FJ_RSO_1701,59.923110000000001,10.74985,1138
FJ_RSO_1702,59.945219799999997,11.0447708,1139
FJ_RSO_1703,59.006740200000003,11.5258658,1140
FJ_RSO_1704,59.871099999999998,10.468590000000001,1141
FJ_RSO_171,59.486485500000001,10.8758748,1203
FJ_RSO_172,59.931464900000002,10.989195499999999,1202
FJ_RSO_173,59.934761399999999,10.7347249,1201
FJ_RSO_174,59.4289658,10.676914,1200
FJ_RSO_175,60.101055100000004,11.052570299999999,1199
FJ_RSO_176,59.827510400000001,10.4726192,1066
FJ_RSO_177,59.155968399999999,11.189621799999999,1250
FJ_RSO_178,59.565558899999999,11.5797875,1065
FJ_RSO_179,59.327378199999998,10.8042005,1037
FJ_RSO_18,60.004575610000003,11.23312213,1118
FJ_RSO_180,59.542549999999999,10.814920000000001,928
FJ_RSO_181,60.31277,11.198320000000001,927
FJ_RSO_182,59.361829999999998,11.471489999999999,926
FJ_RSO_183,60.176803200000002,11.454335499999999,925
FJ_RSO_184,59.9993853,10.9195137,924
FJ_RSO_185,59.722799999999999,11.4564,923
FJ_RSO_186,60.310899999999997,11.230219999999999,922
FJ_RSO_187,59.641447200000002,9.7229945000000004,921
FJ_RSO_188,59.608960000000003,11.235519999999999,920
FJ_RSO_189,59.230001899999998,11.69605,919
FJ_RSO_19,59.473979200000002,11.2551512,1116
FJ_RSO_190,59.217923599999999,10.9863079,929
FJ_RSO_191,59.951512399999999,10.649955800000001,918
FJ_RSO_192,59.351300000000002,10.84027,916
FJ_RSO_193,59.620794799999999,11.100389099999999,915
FJ_RSO_194,59.954195800000001,11.0212719,914
FJ_RSO_195,60.011690000000002,11.403729999999999,913
FJ_RSO_196,59.325859999999999,10.93343,912
FJ_RSO_197,59.840100700000001,10.811783999999999,911
FJ_RSO_198,59.473559999999999,11.289709999999999,910
FJ_RSO_199,59.777642700000001,11.270452799999999,909
FJ_RSO_2,59.357669999999999,11.43595,1159
FJ_RSO_20,60.018770000000004,10.58897,1088
FJ_RSO_200,60.011461099999998,11.0981611,908
FJ_RSO_201,59.709967499999998,10.8341479,907
FJ_RSO_202,59.539901399999998,10.731603,917
FJ_RSO_204,59.341119999999997,10.91206,931
FJ_RSO_205,59.113909999999997,11.457100000000001,932
FJ_RSO_206,59.206240000000001,11.10291,955
FJ_RSO_207,60.327999300000002,11.269761000000001,954
FJ_RSO_208,59.814799999999998,11.464930000000001,953
FJ_RSO_209,60.303439900000001,11.241809699999999,952
FJ_RSO_21,60.142304799999998,11.2279125,1087
FJ_RSO_210,59.60671,10.703799999999999,951
FJ_RSO_211,59.270359999999997,11.46374,950
FJ_RSO_212,60.135440000000003,11.062150000000001,949
FJ_RSO_213,59.375910699999999,10.750650200000001,948
FJ_RSO_215,59.910406100000003,10.6811791,946
FJ_RSO_216,59.424749400000003,11.4070638,945
FJ_RSO_217,59.907429999999998,10.45731,944
FJ_RSO_218,59.519646799999997,11.3585809,943
FJ_RSO_219,59.729500000000002,10.703469999999999,942
FJ_RSO_22,59.840874999999997,10.6799274,1086
FJ_RSO_220,59.815388800000001,10.8888996,941
FJ_RSO_221,59.717603599999997,11.1391767,940
FJ_RSO_222,59.315530000000003,10.994669999999999,939
FJ_RSO_223,62.791103700000001,7.7069029000000002,938
FJ_RSO_224,59.471769999999999,11.396990000000001,937
FJ_RSO_225,59.921120000000002,11.08048,936
FJ_RSO_226,59.711860899999998,11.318671399999999,935
FJ_RSO_227,59.711860899999998,11.318671399999999,934
FJ_RSO_228,60.24991,11.213850000000001,933
FJ_RSO_229,59.236671600000001,10.842764499999999,906
FJ_RSO_23,60.169730000000001,11.02061,1085
FJ_RSO_230,60.4059448,11.180204099999999,956
FJ_RSO_231,59.240130000000001,11.23699,905
FJ_RSO_232,59.721380000000003,10.739549999999999,903
FJ_RSO_233,59.598904699999999,11.1243984,875
FJ_RSO_234,59.363549999999996,11.14761,874
FJ_RSO_235,60.225281000000003,11.0827615,873
FJ_RSO_236,61.790640000000003,10.5024,872
FJ_RSO_237,60.0183696,11.4035694,871
FJ_RSO_238,59.494475299999998,10.844628699999999,870
FJ_RSO_239,59.859108900000003,10.6596086,869
FJ_RSO_24,59.2371634,11.2001382,1084
FJ_RSO_240,60.090038100000001,11.162869000000001,868
FJ_RSO_241,60.137213199999998,11.506414700000001,867
FJ_RSO_242,60.142403899999998,11.393034699999999,866
FJ_RSO_243,59.922269100000001,11.450017799999999,876
FJ_RSO_244,60.219736300000001,11.7782258,865
FJ_RSO_245,59.945965100000002,10.927273700000001,863
FJ_RSO_246,59.887594200000002,10.8423394,862
FJ_RSO_247,59.224321799999998,11.084237699999999,861
FJ_RSO_248,59.836410000000001,10.68507,860
FJ_RSO_249,59.225499999999997,10.95,859
FJ_RSO_25,59.303370000000001,11.05747,1083
FJ_RSO_250,59.866140000000001,10.803369999999999,858
FJ_RSO_251,59.432805100000003,10.6721419,857
FJ_RSO_252,59.470770399999999,10.7626866,856
FJ_RSO_253,59.805104700000001,10.3779538,855
FJ_RSO_254,59.943711200000003,10.704777099999999,854
FJ_RSO_255,59.782683300000002,10.737709499999999,864
FJ_RSO_256,60.219591999999999,11.9258373,877
FJ_RSO_257,60.052446400000001,11.0303328,878
FJ_RSO_258,59.304720000000003,11.40789,879
FJ_RSO_259,59.628960800000002,11.0145085,902
FJ_RSO_26,59.947659999999999,10.79928,1082
FJ_RSO_260,59.824599999999997,10.786440000000001,901
FJ_RSO_262,59.668178099999999,10.7784388,899
FJ_RSO_264,59.030662900000003,11.003197999999999,897
FJ_RSO_265,60.043228310000003,9.8877530199999999,896
FJ_RSO_266,59.872627100000003,10.834865600000001,895
FJ_RSO_267,59.263893400000001,11.171705299999999,894
FJ_RSO_268,59.902639999999998,10.81676,893
FJ_RSO_269,59.248654000000002,10.8389746,892
FJ_RSO_27,60.087676600000002,10.8670499,1081
FJ_RSO_270,59.219767900000001,10.912957199999999,891
FJ_RSO_271,59.219767900000001,10.912957199999999,890
FJ_RSO_272,60.026040799999997,11.3255316,889
FJ_RSO_274,59.527889999999999,11.290380000000001,887
FJ_RSO_275,59.194980800000003,10.960968100000001,886
FJ_RSO_276,60.151759300000002,11.3348046,885
FJ_RSO_277,59.953716700000001,10.7769028,884
FJ_RSO_279,59.329569999999997,11.086930000000001,882
FJ_RSO_28,59.4613716,11.022719800000001,1080
FJ_RSO_280,59.847141489999998,10.810803569999999,881
FJ_RSO_281,59.275080000000003,11.157489999999999,880
FJ_RSO_282,59.5303641,11.598108699999999,904
FJ_RSO_283,59.188330000000001,11.06935,957
FJ_RSO_284,59.111423000000002,11.231567800000001,958
FJ_RSO_285,59.506599999999999,11.186109999999999,959
FJ_RSO_286,59.196350000000002,10.856389999999999,1035
FJ_RSO_287,59.858699999999999,11.22504,1034
FJ_RSO_288,60.227346199999999,11.078793299999999,1033
FJ_RSO_289,60.2550089,11.185141,1032
FJ_RSO_29,59.9499967,11.447863099999999,1079
FJ_RSO_290,59.955864200000001,10.4686769,1031
FJ_RSO_291,59.779625000000003,10.803409500000001,1030
FJ_RSO_292,59.951026300000002,11.5315517,1029
FJ_RSO_294,59.954479999999997,10.51254,1027
FJ_RSO_295,59.18206,11.524979999999999,1026
FJ_RSO_296,59.699694200000003,10.509598,1025
FJ_RSO_297,59.31521,11.72279,1024
FJ_RSO_298,59.566859999999998,10.88226,1023
FJ_RSO_299,59.948259999999998,10.80345,1022
FJ_RSO_3,59.801977700000002,11.257933700000001,1158
FJ_RSO_30,60.113565399999999,11.089412899999999,1089
FJ_RSO_300,59.096229999999998,11.434229999999999,1021
FJ_RSO_301,59.473060599999997,11.1546238,1020
FJ_RSO_302,59.960323899999999,10.753649899999999,1019
FJ_RSO_303,60.254211400000003,11.058610099999999,1018
FJ_RSO_304,59.964799999999997,10.471970000000001,1017
FJ_RSO_305,59.699681900000002,11.044563,1016
FJ_RSO_306,59.662165199999997,11.3409367,1015
FJ_RSO_307,59.886640100000001,10.499281,1014
FJ_RSO_308,59.263260000000002,10.81934,1013
FJ_RSO_309,59.925249999999998,11.381169999999999,1036
FJ_RSO_31,59.355699999999999,11.495990000000001,1078
FJ_RSO_311,59.822755200000003,11.238485300000001,1063
FJ_RSO_312,60.295989200000001,11.19745,1039
FJ_RSO_313,59.685497099999999,10.803232100000001,1062
FJ_RSO_314,59.281970000000001,11.0243,1061
FJ_RSO_315,60.1458996,11.177589299999999,1060
FJ_RSO_316,60.1077151,11.1337279,1059
FJ_RSO_317,59.756208399999998,11.813671299999999,1058
FJ_RSO_318,59.659970000000001,10.787509999999999,1057
FJ_RSO_319,60.474491299999997,11.246998,1056
FJ_RSO_320,59.878612400000002,10.7935289,1055
FJ_RSO_321,59.500743900000003,10.686374799999999,1054
FJ_RSO_322,60.047073099999999,11.2865897,1053
FJ_RSO_323,59.136299800000003,11.3802067,1052
FJ_RSO_324,60.434226099999997,11.073911000000001,1051
FJ_RSO_325,59.331719999999997,10.67708,1050
FJ_RSO_326,60.080958600000002,11.0077602,1049
FJ_RSO_327,59.248599300000002,11.107905300000001,1048
FJ_RSO_328,59.1697712,11.078921599999999,1047
FJ_RSO_329,59.9800702,10.4539001,1046
FJ_RSO_33,59.890700000000002,11.191890000000001,1075
FJ_RSO_330,59.345359999999999,11.27556,1045
FJ_RSO_331,60.119424600000002,11.486291100000001,1044
FJ_RSO_332,59.462569999999999,11.33906,1043
FJ_RSO_333,59.298856499999999,11.099228999999999,1042
FJ_RSO_334,60.240085399999998,11.2183999,1041
FJ_RSO_336,59.518476200000002,11.1645748,1012
FJ_RSO_337,59.434987399999997,10.632673199999999,1011
FJ_RSO_338,59.935028299999999,11.200261599999999,1010
FJ_RSO_339,59.956661500000003,10.7344727,1009
FJ_RSO_34,59.462560000000003,11.192769999999999,1074
FJ_RSO_340,59.929921100000001,10.667135399999999,981
FJ_RSO_341,59.910790599999999,10.849634,980
FJ_RSO_342,60.085103699999998,10.9941084,979
FJ_RSO_343,59.774473299999997,10.797291100000001,978
FJ_RSO_345,59.8322,11.241619999999999,976
FJ_RSO_346,59.386454299999997,11.7395222,975
FJ_RSO_347,58.975675899999999,11.5055912,974
FJ_RSO_348,59.919987300000003,10.6182371,973
FJ_RSO_349,60.013289999999998,11.278969999999999,972
FJ_RSO_35,59.8581006,10.5066635,1073
FJ_RSO_350,60.192459999999997,11.45345,982
FJ_RSO_351,60.127630000000003,11.066179999999999,971
FJ_RSO_352,60.1308431,11.165282599999999,969
FJ_RSO_353,60.115275500000003,10.832374700000001,968
FJ_RSO_354,59.055439999999997,10.92989,967
FJ_RSO_355,59.222650000000002,11.16136,966
FJ_RSO_356,58.979649999999999,11.681139999999999,965
FJ_RSO_357,59.530230000000003,11.16769,964
FJ_RSO_358,59.0683504,9.7257704999999994,963
FJ_RSO_359,60.104770000000002,11.364850000000001,962
FJ_RSO_36,59.191635900000001,11.3037724,1072
FJ_RSO_360,59.737499999999997,10.868449999999999,961
FJ_RSO_361,59.737498600000002,10.868447099999999,960
FJ_RSO_364,59.308100000000003,11.435409999999999,984
FJ_RSO_365,59.692854500000003,11.259857500000001,985
FJ_RSO_366,59.8794453,11.568804,1008
FJ_RSO_367,59.946559999999998,10.507199999999999,1007
FJ_RSO_368,59.368790500000003,11.3839816,1006
FJ_RSO_369,59.227348300000003,10.966626099999999,1005
FJ_RSO_37,59.43282,11.68009,1071
FJ_RSO_370,59.805104700000001,10.3779538,1004
FJ_RSO_371,59.399315700000002,11.2437811,1003
FJ_RSO_372,59.762361300000002,10.6624614,1002
FJ_RSO_373,59.599468899999998,10.725211399999999,1001
FJ_RSO_374,59.992581960000003,11.31989566,1000
FJ_RSO_375,59.87097,10.537940000000001,999
FJ_RSO_376,60.269995899999998,10.9948338,998
FJ_RSO_377,59.84469,10.39781,997
FJ_RSO_378,59.4527,11.0593,996
FJ_RSO_379,59.466979299999998,10.6506472,995
FJ_RSO_38,59.210917899999998,11.1924396,1070
FJ_RSO_380,59.466940000000001,16.650649999999999,994
FJ_RSO_381,59.955300999999999,10.6799608,993
FJ_RSO_382,59.194475599999997,10.959495,992
FJ_RSO_384,59.204039999999999,11.172420000000001,990
FJ_RSO_385,59.924038099999997,11.451991700000001,989
FJ_RSO_386,59.2322864,10.9874717,988
FJ_RSO_387,59.653309999999998,11.3561,987
FJ_RSO_388,59.28304,11.20454,986
FJ_RSO_389,59.932319999999997,10.442349999999999,1064
FJ_RSO_390,59.067,11.0494,1277
FJ_RSO_391,58.720850300000002,9.2029125999999994,1278
FJ_RSO_392,59.183199999999999,11.66522,1279
FJ_RSO_393,59.556220000000003,11.13819,1568
FJ_RSO_394,59.4684174,11.2041074,1567
FJ_RSO_395,59.615470000000002,11.61665,1566
FJ_RSO_396,59.848779999999998,10.4832,1565
FJ_RSO_397,60.178961399999999,11.2199369,1564
FJ_RSO_398,59.94473,10.75128,1563
FJ_RSO_399,59.353045399999999,11.4125926,1562
FJ_RSO_4,59.1392338,11.377424400000001,1157
FJ_RSO_40,59.853929800000003,10.675668699999999,1068
FJ_RSO_400,59.768467600000001,11.135288600000001,1561
FJ_RSO_401,59.265540000000001,11.037850000000001,1560
FJ_RSO_402,59.825969999999998,10.479749999999999,1559
FJ_RSO_403,59.386229999999998,11.18389,1558
FJ_RSO_404,60.41451,11.054550000000001,1557
FJ_RSO_405,59.55294,11.35586,1556
FJ_RSO_406,59.9559049,10.720912200000001,1555
FJ_RSO_407,59.696575500000002,11.444461199999999,1554
FJ_RSO_408,59.387450000000001,10.78454,1553
FJ_RSO_409,59.959631399999999,11.1797168,1552
FJ_RSO_41,59.900144699999998,10.565557999999999,1067
FJ_RSO_410,60.2448239,11.581000400000001,1551
FJ_RSO_411,59.9092524,10.856183400000001,1550
FJ_RSO_413,59.366840000000003,10.8018,1548
FJ_RSO_414,59.778306399999998,10.742061700000001,1547
FJ_RSO_415,59.685952399999998,11.281832400000001,1546
FJ_RSO_416,59.899940000000001,11.09822,1569
FJ_RSO_417,59.3580878,11.479025099999999,1571
FJ_RSO_418,60.025806899999999,11.102606400000001,1596
FJ_RSO_419,59.324840000000002,11.213760000000001,1572
FJ_RSO_420,60.117159999999998,11.427659999999999,1595
FJ_RSO_421,59.616518499999998,11.604265699999999,1594
FJ_RSO_422,60.170391000000002,11.4834175,1593
FJ_RSO_423,59.631270000000001,10.683770000000001,1592
FJ_RSO_424,60.334789299999997,11.285525,1591
FJ_RSO_425,59.204400200000002,10.9533086,1590
FJ_RSO_426,59.743892700000004,10.8817415,1589
FJ_RSO_427,59.731007200000001,10.744913800000001,1588
FJ_RSO_428,59.686149999999998,11.327719999999999,1587
FJ_RSO_429,59.904319999999998,10.56165,1586
FJ_RSO_43,59.96698,10.79374,1090
FJ_RSO_430,60.1858784,11.6141278,1585
FJ_RSO_431,59.442431200000001,10.6443014,1584
FJ_RSO_432,59.935314300000002,10.8063371,1583
FJ_RSO_433,59.054299999999998,10.9377,1582
FJ_RSO_435,59.793368899999997,10.8796093,1580
FJ_RSO_436,59.202127400000002,10.8073836,1579
FJ_RSO_437,59.791764200000003,10.886291,1578
FJ_RSO_438,59.681640000000002,11.213050000000001,1577
FJ_RSO_439,60.342219999999998,10.4567,1576
FJ_RSO_44,60.038298810000001,11.26537536,1091
FJ_RSO_440,59.854272199999997,10.470338399999999,1575
FJ_RSO_441,59.417079999999999,11.66924,1574
FJ_RSO_442,59.411850000000001,11.4251,1573
FJ_RSO_443,59.641860000000001,11.281409999999999,1545
FJ_RSO_444,60.10577,10.8752,1544
FJ_RSO_445,59.291780000000003,11.02441,1543
FJ_RSO_446,59.958449999999999,11.21692,1542
FJ_RSO_447,59.61609,11.25839,1514
FJ_RSO_449,59.9743256,11.3260609,1512
FJ_RSO_45,59.602576999999997,10.761628,1092
FJ_RSO_450,59.853908500000003,9.0266906999999996,1511
FJ_RSO_451,59.913060000000002,10.623200000000001,1510
FJ_RSO_452,59.875250000000001,11.55158,1509
FJ_RSO_453,59.841918399999997,10.688575200000001,1508
FJ_RSO_454,59.385761299999999,11.569875400000001,1507
FJ_RSO_455,60.693874000000001,10.434053,1506
FJ_RSO_456,60.117620000000002,11.302860000000001,1505
FJ_RSO_457,60.030172299999997,11.3408301,1515
FJ_RSO_458,59.3265806,10.9885643,1504
FJ_RSO_459,60.1166847,11.489878900000001,1502
FJ_RSO_46,59.586530400000001,11.0781291,1115
FJ_RSO_460,59.175084699999999,11.216150499999999,1501
FJ_RSO_461,59.663134700000001,10.6531261,1500
FJ_RSO_462,60.07891,11.182320000000001,1499
FJ_RSO_463,60.176720199999998,11.5549964,1498
FJ_RSO_464,59.830770000000001,10.85012,1497
FJ_RSO_465,59.9040909,10.5174074,1496
FJ_RSO_466,59.786660099999999,10.798639700000001,1495
FJ_RSO_467,60.037590000000002,10.807840000000001,1494
FJ_RSO_468,59.351720999999998,10.927659200000001,1493
FJ_RSO_469,59.921972500000003,10.621783000000001,1503
FJ_RSO_47,59.9329277,10.6159988,1114
FJ_RSO_470,60.161462999999998,11.442169099999999,1516
FJ_RSO_471,59.275300000000001,10.86647,1517
FJ_RSO_472,59.343029999999999,10.719340000000001,1518
FJ_RSO_473,60.444249999999997,10.971539999999999,1541
FJ_RSO_474,60.831395899999997,10.984841100000001,1540
FJ_RSO_475,59.321420000000003,5.5852785000000003,1539
FJ_RSO_476,60.186523899999997,11.196801499999999,1538
FJ_RSO_477,59.566207499999997,11.317618599999999,1537
FJ_RSO_478,59.154389999999999,10.338889999999999,1536
FJ_RSO_479,60.494630000000001,11.13,1535
FJ_RSO_48,60.4634286,11.1813669,1113
FJ_RSO_480,59.904879200000003,10.506940699999999,1534
FJ_RSO_481,60.110331199999997,11.542290400000001,1533
FJ_RSO_482,60.093755100000003,10.866875800000001,1532
FJ_RSO_483,59.447040000000001,11.669230000000001,1531
FJ_RSO_484,59.444310000000002,11.67662,1530
FJ_RSO_485,59.424749400000003,11.4070638,1529
FJ_RSO_486,60.145863499999997,11.190124900000001,1528
FJ_RSO_487,59.777060200000001,10.751293199999999,1527
FJ_RSO_488,59.957582799999997,11.0317591,1526
FJ_RSO_489,59.434573299999997,10.6363383,1525
FJ_RSO_49,60.077899899999998,11.6117607,1112
FJ_RSO_490,61.596696700000003,5.0531911999999997,1524
FJ_RSO_491,59.846791099999997,10.4187648,1523
FJ_RSO_492,59.835360199999997,11.1350652,1522
FJ_RSO_493,60.228029999999997,11.1536005,1521
FJ_RSO_494,59.636133999999998,10.7434312,1520
FJ_RSO_495,60.208233999999997,10.9356946,1519
FJ_RSO_496,59.7153913,10.7846958,1570
FJ_RSO_497,59.613560100000001,11.087687499999999,1598
FJ_RSO_498,59.1804396,10.947768200000001,1677
FJ_RSO_499,59.524354099999996,11.605303299999999,1599
FJ_RSO_5,59.832570799999999,10.456910499999999,1156
FJ_RSO_50,59.274689100000003,11.0360662,1111
FJ_RSO_500,60.103719400000003,11.1566867,1675
FJ_RSO_502,59.663080000000001,10.85656,1673
FJ_RSO_503,59.717616599999999,11.177344,1672
FJ_RSO_504,59.087859999999999,10.88583,1671
FJ_RSO_505,59.467379999999999,11.254490000000001,1670
FJ_RSO_506,60.4236,11.24376,1669
FJ_RSO_507,60.195520000000002,11.005129999999999,1668
FJ_RSO_508,60.073897600000002,11.0372038,1667
FJ_RSO_509,59.641563400000003,10.6762806,1666
FJ_RSO_51,60.2093062,11.339045199999999,1110
FJ_RSO_510,59.440530000000003,11.38922,1665
FJ_RSO_511,60.291100200000002,11.277588,1664
FJ_RSO_512,60.103839999999998,11.15194,1663
FJ_RSO_513,60.084560000000003,11.15537,1662
FJ_RSO_514,60.125990000000002,11.03247,1661
FJ_RSO_515,60.331420000000001,11.239330000000001,1660
FJ_RSO_516,60.090969999999999,10.999969999999999,1659
FJ_RSO_517,59.432016699999998,11.3494042,1658
FJ_RSO_518,60.144500000000001,11.227639999999999,1657
FJ_RSO_519,60.269275800000003,11.232997900000001,1656
FJ_RSO_52,59.884682400000003,11.217706,1109
FJ_RSO_520,59.402270000000001,11.312340000000001,1655
FJ_RSO_521,59.37641,10.70965,1654
FJ_RSO_522,59.81212,10.81584,1653
FJ_RSO_523,59.189576600000002,10.8735073,1676
FJ_RSO_524,59.580359999999999,11.155939999999999,1678
FJ_RSO_525,59.919589999999999,11.596489999999999,1703
FJ_RSO_526,59.452893199999998,11.3176662,1679
FJ_RSO_527,59.439259999999997,11.395770000000001,1702
FJ_RSO_528,59.87256,11.238379999999999,1701
FJ_RSO_529,59.209662899999998,11.28463,1700
FJ_RSO_53,59.731480949999998,10.131581300000001,1108
FJ_RSO_530,59.458359999999999,11.131399999999999,1699
FJ_RSO_531,59.319110000000002,10.955270000000001,1698
FJ_RSO_532,60.534950000000002,10.322089999999999,1697
FJ_RSO_533,59.9417227,10.438799599999999,1696
FJ_RSO_534,59.700446300000003,10.8471057,1695
FJ_RSO_535,59.374466499999997,11.2944399,1694
FJ_RSO_537,59.947099999999999,10.797079999999999,1692
FJ_RSO_538,59.199399999999997,11.14941,1691
FJ_RSO_539,59.8626401,10.665891999999999,1690
FJ_RSO_54,59.362461799999998,11.3915624,1107
FJ_RSO_540,60.289547399999996,11.1630746,1689
FJ_RSO_541,59.5433837,10.7316631,1688
FJ_RSO_542,60.361498400000002,11.328776899999999,1687
FJ_RSO_543,59.487217299999998,10.658292599999999,1686
FJ_RSO_544,59.726844900000003,11.287446900000001,1685
FJ_RSO_545,59.505466300000002,11.2598082,1684
FJ_RSO_546,59.853279999999998,11.24062,1683
FJ_RSO_547,59.59131842,10.78565115,1682
FJ_RSO_548,59.351059999999997,10.863960000000001,1681
FJ_RSO_549,59.997280000000003,11.282389999999999,1680
FJ_RSO_55,59.113541099999999,11.4242294,1106
FJ_RSO_551,59.1460662,11.3831059,1651
FJ_RSO_553,59.709465799999997,10.868448300000001,1649
FJ_RSO_554,59.753494000000003,11.4252792,1621
FJ_RSO_555,59.2676315,10.8985854,1620
FJ_RSO_556,59.310790500000003,11.0112728,1619
FJ_RSO_557,59.683200100000001,11.296959299999999,1618
FJ_RSO_558,59.946460000000002,10.80181,1617
FJ_RSO_559,59.520359999999997,10.70539,1616
FJ_RSO_56,59.422938500000001,11.446479200000001,1105
FJ_RSO_560,59.305439999999997,11.19942,1615
FJ_RSO_561,59.204227299999999,10.933630300000001,1614
FJ_RSO_562,59.875980400000003,10.479032200000001,1613
FJ_RSO_563,59.778129999999997,11.831860000000001,1612
FJ_RSO_564,59.903785499999998,10.4655915,1622
FJ_RSO_565,60.0084941,12.230719799999999,1611
FJ_RSO_566,59.199550899999998,10.8367541,1609
FJ_RSO_567,59.7148197,10.8210964,1608
FJ_RSO_568,59.899651599999999,10.5146806,1607
FJ_RSO_569,60.046306700000002,11.0763246,1606
FJ_RSO_57,59.765037700000001,10.8068074,1104
FJ_RSO_570,60.097349999999999,11.05799,1605
FJ_RSO_571,59.268689999999999,10.76394,1604
FJ_RSO_572,60.006363999999998,11.4011472,1603
FJ_RSO_573,59.71951,10.91761,1602
FJ_RSO_574,59.196739700000002,10.969261100000001,1601
FJ_RSO_575,59.923549999999999,10.558350000000001,1600
FJ_RSO_576,59.959306900000001,10.981586200000001,1610
FJ_RSO_577,59.892116000000001,10.6117872,1623
FJ_RSO_578,59.916344199999997,10.6404291,1624
FJ_RSO_579,59.900024100000003,10.515873900000001,1625
FJ_RSO_58,59.754615200000003,10.837449700000001,1103
FJ_RSO_580,59.372709899999997,10.6651604,1648
FJ_RSO_581,60.338628700000001,11.021907799999999,1647
FJ_RSO_582,59.244790000000002,11.3071,1646
FJ_RSO_583,59.938759300000001,10.7583819,1645
FJ_RSO_585,59.265786990000002,10.40070431,1643
FJ_RSO_586,59.264108999999998,11.000028,1642
FJ_RSO_587,59.725023499999999,10.692833800000001,1641
FJ_RSO_588,60.092239999999997,11.402520000000001,1640
FJ_RSO_589,59.323720000000002,10.834239999999999,1639
FJ_RSO_59,59.275193100000003,10.8833761,1102
FJ_RSO_590,59.47936,10.848229999999999,1638
FJ_RSO_591,59.266222200000001,11.041544200000001,1637
FJ_RSO_592,59.253520000000002,11.09736,1636
FJ_RSO_593,59.712359999999997,11.329129999999999,1635
FJ_RSO_594,59.236148999999997,10.981961500000001,1634
FJ_RSO_595,59.906687900000001,10.622993599999999,1633
FJ_RSO_596,59.805501800000002,10.624140799999999,1632
FJ_RSO_597,60.066760000000002,11.35708,1631
FJ_RSO_598,59.533650000000002,11.30217,1630
FJ_RSO_599,59.388330000000003,11.16652,1629
FJ_RSO_6,59.594266699999999,11.1802186,1155
FJ_RSO_60,60.251832299999997,11.208821,1101
FJ_RSO_600,59.601819999999996,10.928599999999999,1628
FJ_RSO_601,59.927979999999998,11.14471,1627
FJ_RSO_602,59.917786999999997,10.462075199999999,1626
FJ_RSO_603,60.413440000000001,11.05275,1492
FJ_RSO_604,59.802599999999998,10.38937,1491
FJ_RSO_605,59.995719999999999,11.31287,1490
FJ_RSO_606,60.7932974,11.094282,1463
FJ_RSO_607,60.7932974,11.094282,1354
FJ_RSO_608,59.059249999999999,11.06513,1353
FJ_RSO_609,60.104282599999998,11.375441800000001,1352
FJ_RSO_61,59.954047799999998,10.786966899999999,1100
FJ_RSO_610,59.829030000000003,10.46393,1351
FJ_RSO_611,59.348059999999997,11.11617,1350
FJ_RSO_612,60.297130029999998,11.1489215,1349
FJ_RSO_613,59.19923,11.14875,1348
FJ_RSO_614,59.843031600000003,10.4659876,1347
FJ_RSO_615,60.158380800000003,11.1202617,1346
FJ_RSO_616,60.058030199999997,11.391768600000001,1345
FJ_RSO_617,59.268619999999999,10.748749999999999,1355
FJ_RSO_618,59.740494699999999,10.7749381,1344
FJ_RSO_619,59.754440500000001,11.000110400000001,1342
FJ_RSO_62,59.960860099999998,10.691239700000001,1099
FJ_RSO_620,60.901195899999998,10.8538487,1341
FJ_RSO_621,60.115275500000003,10.832374700000001,1340
FJ_RSO_622,59.256595400000002,10.9903257,1339
FJ_RSO_623,59.274229200000001,10.2403168,1338
FJ_RSO_624,60.002851470000003,11.04436961,1337
FJ_RSO_625,59.923345900000001,10.9421538,1336
FJ_RSO_626,59.977778899999997,11.3642658,1335
FJ_RSO_627,59.267181999999998,11.0393381,1334
FJ_RSO_628,59.483840499999999,11.2285304,1333
FJ_RSO_629,60.340922800000001,11.3337071,1343
FJ_RSO_63,59.650084300000003,11.0070526,1098
FJ_RSO_630,60.230767800000002,11.403015699999999,1356
FJ_RSO_631,59.835540199999997,11.138369300000001,1357
FJ_RSO_632,60.140569999999997,11.248469999999999,1358
FJ_RSO_633,59.958696000000003,10.7859455,1381
FJ_RSO_634,59.960556799999999,10.6847584,1380
FJ_RSO_635,59.383319999999998,11.16822,1379
FJ_RSO_636,59.208998999999999,11.132282699999999,1378
FJ_RSO_637,59.410031500000002,11.1624423,1377
FJ_RSO_638,59.452860000000001,11.317640000000001,1376
FJ_RSO_639,59.925591500000003,10.682734699999999,1375
FJ_RSO_64,59.532710000000002,11.64428,1097
FJ_RSO_640,59.95684,10.6342,1374
FJ_RSO_641,59.9588088,11.116038100000001,1373
FJ_RSO_643,59.487050000000004,11.24497,1371
FJ_RSO_644,59.446004000000002,11.2478105,1370
FJ_RSO_645,59.843945400000003,10.458103700000001,1369
FJ_RSO_646,59.671090900000003,10.920329000000001,1368
FJ_RSO_647,59.842849999999999,10.66957,1367
FJ_RSO_648,60.163420000000002,11.25182,1366
FJ_RSO_649,60.186206900000002,11.441489499999999,1365
FJ_RSO_65,59.271007900000001,11.0491136,1096
FJ_RSO_650,59.074800000000003,10.94252,1364
FJ_RSO_651,60.389930900000003,11.226266300000001,1363
FJ_RSO_652,59.376494899999997,11.1852342,1362
FJ_RSO_653,59.338894099999997,10.949439399999999,1361
FJ_RSO_654,60.341880000000003,11.2835,1360
FJ_RSO_655,59.901179999999997,10.788220000000001,1359
FJ_RSO_656,60.541710000000002,11.89049,1332
FJ_RSO_657,59.326659999999997,11.302009999999999,1382
FJ_RSO_658,59.9612129,11.048515200000001,1331
FJ_RSO_659,59.93036,10.75426,1329
FJ_RSO_66,59.800173540000003,10.48106778,1095
FJ_RSO_660,60.058679099999999,11.152452500000001,1301
FJ_RSO_661,59.561059999999998,11.622249999999999,1300
FJ_RSO_662,59.085160000000002,11.443680000000001,1299
FJ_RSO_663,61.558,9.9564800000000009,1298
FJ_RSO_664,59.259380100000001,11.1075017,1297
FJ_RSO_665,59.909194200000002,11.1639065,1296
FJ_RSO_666,59.996600100000002,11.0882355,1295
FJ_RSO_668,60.1606387,11.177645500000001,1293
FJ_RSO_669,59.567113399999997,11.3890476,1292
FJ_RSO_67,60.334019400000003,11.216947599999999,1094
FJ_RSO_670,59.547461599999998,11.302205000000001,1302
FJ_RSO_671,60.107104900000003,11.149566999999999,1291
FJ_RSO_672,60.089118900000003,11.478985700000001,1289
FJ_RSO_673,59.976039999999998,10.9337707,1288
FJ_RSO_674,59.72345,11.32701,1287
FJ_RSO_675,59.541919999999998,11.12074,1286
FJ_RSO_676,59.375141300000003,11.7389086,1285
FJ_RSO_677,59.725029999999997,11.613110000000001,1284
FJ_RSO_678,59.38344,11.471880000000001,1283
FJ_RSO_679,60.0706378,11.3055211,1282
FJ_RSO_68,59.114251199999998,11.395326799999999,1093
FJ_RSO_680,59.594740000000002,11.3368,1281
FJ_RSO_681,59.737710399999997,10.758907600000001,1280
FJ_RSO_682,59.455927299999999,10.6273667,1290
FJ_RSO_683,60.229700000000001,11.525880000000001,1303
FJ_RSO_684,59.198242,10.9416528,1304
FJ_RSO_685,59.694009999999999,11.05334,1305
FJ_RSO_686,59.888066299999998,10.438698499999999,1328
FJ_RSO_687,59.135113599999997,11.247157,1327
FJ_RSO_688,59.620449999999998,10.85525,1326
FJ_RSO_689,59.182830000000003,11.39048,1325
FJ_RSO_69,59.124841099999998,11.322404799999999,1117
FJ_RSO_690,59.22392,10.906689999999999,1324
FJ_RSO_691,59.680689999999998,11.021420000000001,1323
FJ_RSO_692,60.093209999999999,11.36178,1322
FJ_RSO_693,59.588059000000001,5.5794199999999998,1321
FJ_RSO_694,59.437159999999999,10.9345991,1320
FJ_RSO_695,59.505099999999999,11.201449999999999,1319
FJ_RSO_696,59.780553900000001,10.460075700000001,1318
FJ_RSO_697,59.225184200000001,10.949274300000001,1317
FJ_RSO_698,59.603610000000003,11.418380000000001,1316
FJ_RSO_699,59.430570000000003,11.67041,1315
FJ_RSO_7,59.863026400000003,11.095428800000001,1154
FJ_RSO_70,59.185555399999998,11.078322399999999,1170
FJ_RSO_700,59.56758,11.61861,1314
FJ_RSO_701,59.205664400000003,10.930015900000001,1313
FJ_RSO_702,59.979915300000002,11.1021144,1312
FJ_RSO_703,59.880769999999998,10.50577,1311
FJ_RSO_704,59.369889999999998,10.72927,1310
FJ_RSO_705,59.681340800000001,10.7372184,1309
FJ_RSO_706,59.852506400000003,10.6561378,1308
FJ_RSO_707,59.8298664,11.145228299999999,1307
FJ_RSO_708,59.653880000000001,10.88278,1306
FJ_RSO_709,59.247001500000003,10.8983673,1330
FJ_RSO_71,59.848219999999998,10.66438,1171
FJ_RSO_710,60.077539899999998,11.0087209,1383
FJ_RSO_711,59.983919999999998,10.96308,1384
FJ_RSO_712,59.732120000000002,11.03153,1385
FJ_RSO_713,59.598406099999998,10.929541199999999,1461
FJ_RSO_714,59.598406099999998,10.929541199999999,1460
FJ_RSO_715,60.131238699999997,11.1043801,1459
FJ_RSO_716,60.123675800000001,11.469103,1458
FJ_RSO_717,59.218025699999998,10.9351936,1457
FJ_RSO_718,59.836120000000001,11.15612,1456
FJ_RSO_719,59.550644900000002,11.316837400000001,1455
FJ_RSO_72,59.935465499999999,10.6873872,1172
FJ_RSO_720,60.327522500000001,11.2046963,1454
FJ_RSO_721,59.329849099999997,10.956005299999999,1453
FJ_RSO_722,59.257351200000002,11.100592799999999,1452
FJ_RSO_723,59.596330000000002,11.133699999999999,1451
FJ_RSO_724,59.64508,10.920579999999999,1450
FJ_RSO_725,60.366872000000001,11.197179999999999,1449
FJ_RSO_726,59.809759999999997,10.68464,1448
FJ_RSO_727,59.426687999999999,11.0856575,1447
FJ_RSO_728,59.328980000000001,10.68627,1446
FJ_RSO_729,60.326650700000002,11.204728100000001,1445
FJ_RSO_73,60.258049800000002,11.2913789,1248
FJ_RSO_730,59.2680796,11.181214600000001,1444
FJ_RSO_731,60.018129999999999,11.027900000000001,1443
FJ_RSO_732,60.42718,10.96449,1442
FJ_RSO_733,59.471708499999998,11.203386200000001,1441
FJ_RSO_734,59.855400500000002,11.5282021,1440
FJ_RSO_735,59.144921400000001,11.2758191,1439
FJ_RSO_736,59.730167799999997,11.052668300000001,1462
FJ_RSO_737,59.92015,11.38514,1464
FJ_RSO_738,59.001899999999999,11.48859,1489
FJ_RSO_739,59.35613,11.504479999999999,1465
FJ_RSO_74,59.2894966,11.1422165,1247
FJ_RSO_740,59.907547899999997,10.7735176,1488
FJ_RSO_741,59.984895799999997,11.5104179,1487
FJ_RSO_742,59.920825299999997,11.485569099999999,1486
FJ_RSO_743,59.711834600000003,11.0862865,1485
FJ_RSO_744,59.037091400000001,11.0121126,1484
FJ_RSO_745,60.087661099999998,10.999977400000001,1483
FJ_RSO_746,60.320169999999997,11.06902,1482
FJ_RSO_748,59.294334499999998,10.7837546,1480
FJ_RSO_749,59.282519999999998,11.06657,1479
FJ_RSO_75,59.931750000000001,11.01676,1246
FJ_RSO_750,59.417997800000002,11.204970700000001,1478
FJ_RSO_751,60.108900200000001,11.5377335,1477
FJ_RSO_752,59.990296100000002,11.0230721,1476
FJ_RSO_754,59.9255,10.63997,1474
FJ_RSO_755,60.052514899999998,10.864743600000001,1473
FJ_RSO_756,59.960805499999999,11.205285200000001,1472
FJ_RSO_757,59.3370435,10.717002600000001,1471
FJ_RSO_758,59.259118299999997,11.157255899999999,1470
FJ_RSO_759,59.89808,10.83362,1469
FJ_RSO_76,59.916580600000003,10.435371699999999,1245
FJ_RSO_760,63.4330347,10.415895300000001,1468
FJ_RSO_761,59.987229999999997,11.2485473,1467
FJ_RSO_762,59.644370000000002,11.048170000000001,1466
FJ_RSO_763,59.320069799999999,11.238203,1438
FJ_RSO_764,59.384182500000001,10.6578882,1437
FJ_RSO_765,59.375239999999998,11.170859999999999,1436
FJ_RSO_766,59.212817999999999,11.2317716,1435
FJ_RSO_767,59.907829999999997,10.769310000000001,1407
FJ_RSO_768,59.701774499999999,10.773662699999999,1406
FJ_RSO_769,59.3042704,11.0429285,1405
FJ_RSO_77,59.909080000000003,10.780530000000001,1244
FJ_RSO_770,59.752198800000002,10.7034819,1404
FJ_RSO_771,59.179740000000002,11.37068,1403
FJ_RSO_772,63.570793399999999,9.1904915999999997,1402
FJ_RSO_773,59.57788,11.25282,1401
FJ_RSO_774,59.989249999999998,11.10454,1400
FJ_RSO_776,59.614060000000002,11.07569,1398
FJ_RSO_777,59.671090900000003,10.920329000000001,1408
FJ_RSO_778,59.8767505,10.4776372,1397
FJ_RSO_779,59.265270000000001,11.0207,1395
FJ_RSO_78,60.372388600000001,10.9208654,1243
FJ_RSO_780,59.580693199999999,11.1399331,1394
FJ_RSO_781,60.067974,11.148152100000001,1393
FJ_RSO_782,59.381499699999999,10.7098666,1392
FJ_RSO_783,59.919564399999999,11.5965147,1391
FJ_RSO_784,60.249935600000001,11.5884716,1390
FJ_RSO_785,59.550600000000003,10.865,1389
FJ_RSO_786,59.9014673,11.5929152,1388
FJ_RSO_787,59.644159999999999,10.967879999999999,1387
FJ_RSO_788,59.875889999999998,10.479660000000001,1386
FJ_RSO_789,59.925505399999999,11.2067885,1396
FJ_RSO_79,59.136713,10.2216381,1242
FJ_RSO_790,59.339010000000002,10.80542,1409
FJ_RSO_791,59.328110000000002,10.915290000000001,1410
FJ_RSO_792,60.012400900000003,11.048596099999999,1411
FJ_RSO_793,59.719230000000003,11.479900000000001,1434
FJ_RSO_794,59.384155300000003,10.705986100000001,1433
FJ_RSO_795,60.103610000000003,10.882289999999999,1432
FJ_RSO_796,63.9572365,11.3272905,1431
FJ_RSO_797,59.297375700000003,11.359906499999999,1430
FJ_RSO_798,59.297375700000003,11.359906499999999,1429
FJ_RSO_799,60.094619999999999,11.040929999999999,1428
FJ_RSO_8,59.969070000000002,11.00855,1153
FJ_RSO_80,59.974490000000003,10.47536,1241
FJ_RSO_800,59.964619999999996,10.366669999999999,1427
FJ_RSO_801,59.791139999999999,11.4855333,1426
FJ_RSO_802,59.246560000000002,11.486649999999999,1425
FJ_RSO_803,59.9459594,10.8421758,1424
FJ_RSO_804,59.309109999999997,10.86763,1423
FJ_RSO_805,59.939639999999997,11.39203,1422
FJ_RSO_806,59.600589999999997,11.247170000000001,1421
FJ_RSO_807,59.41525,10.79496,1420
FJ_RSO_808,60.543949099999999,10.659431100000001,1419
FJ_RSO_809,59.874546500000001,11.802666800000001,1418
FJ_RSO_81,60.1234909,10.8068197,1240
FJ_RSO_810,59.842722100000003,10.688590899999999,1417
FJ_RSO_811,59.474229999999999,11.24239,1416
FJ_RSO_812,60.100360000000002,10.892200000000001,1415
FJ_RSO_813,59.24662,11.70989,1414
FJ_RSO_814,59.334901199999997,10.806380300000001,1413
FJ_RSO_815,59.584478099999998,11.562493999999999,1412
FJ_RSO_816,59.062193800000003,11.073478400000001,853
FJ_RSO_817,59.078229999999998,10.945259999999999,852
FJ_RSO_818,59.580069999999999,11.56109,851
FJ_RSO_819,59.944850000000002,10.762409999999999,425
FJ_RSO_82,60.497255799999998,11.139478,1239
FJ_RSO_820,59.216389999999997,11.27168,289
FJ_RSO_821,59.936791399999997,10.5106076,288
FJ_RSO_822,59.887909700000002,11.578690399999999,287
FJ_RSO_823,59.63438,11.289490000000001,286
FJ_RSO_824,59.846659799999998,11.347991800000001,285
FJ_RSO_825,59.939259999999997,10.80152,284
FJ_RSO_826,59.655343500000001,11.1474365,283
FJ_RSO_827,59.580010000000001,10.88696,282
FJ_RSO_828,59.569522800000001,10.600806800000001,281
FJ_RSO_829,59.796698300000003,10.615532,280
FJ_RSO_83,59.945489899999998,10.7302725,1238
FJ_RSO_830,59.639798399999997,11.3538744,290
FJ_RSO_831,59.794694999999997,10.431841800000001,279
FJ_RSO_832,59.682169999999999,11.33775,277
FJ_RSO_833,60.160232800000003,11.084336,276
FJ_RSO_834,59.787399999999998,11.467169999999999,275
FJ_RSO_835,59.787506200000003,11.269928999999999,274
FJ_RSO_836,59.956899999999997,10.51693,1
FJ_RSO_837,59.500190000000003,11.27768,272
FJ_RSO_838,59.195103099999997,11.241122499999999,271
FJ_RSO_839,59.797809999999998,10.389950000000001,270
FJ_RSO_84,59.927599999999998,11.077019999999999,1237
FJ_RSO_840,59.527799999999999,11.64706,269
FJ_RSO_841,59.619819999999997,10.89331,268
FJ_RSO_842,59.865037299999997,10.4992801,278
FJ_RSO_844,59.477490299999999,10.7850877,292
FJ_RSO_845,59.247810000000001,11.03256,293
FJ_RSO_846,60.339010000000002,11.279769999999999,316
FJ_RSO_847,59.807227699999999,10.7894606,315
FJ_RSO_848,60.02319,10.930300000000001,314
FJ_RSO_849,59.711286700000002,11.5440775,313
FJ_RSO_85,59.338079999999998,11.46632,1236
FJ_RSO_850,59.714016700000002,11.441687099999999,312
FJ_RSO_851,59.561120000000003,10.986510000000001,311
FJ_RSO_852,59.764402400000002,10.8619194,310
FJ_RSO_853,59.784089999999999,10.816129999999999,309
FJ_RSO_854,60.415219999999998,11.05383,308
FJ_RSO_855,60.022779999999997,10.92787,307
FJ_RSO_856,59.665722299999999,10.8074873,306
FJ_RSO_857,59.789571000000002,10.8769899,305
FJ_RSO_858,59.431069999999998,11.670389999999999,304
FJ_RSO_86,59.959389600000002,10.78978,1235
FJ_RSO_860,59.883982799999998,11.2161516,302
FJ_RSO_861,59.936683100000003,10.671466000000001,301
FJ_RSO_862,59.920050000000003,10.969369199999999,300
FJ_RSO_863,59.734337500000002,11.180740800000001,299
FJ_RSO_864,59.820158999999997,10.804101599999999,298
FJ_RSO_865,60.213714099999997,11.38052502,297
FJ_RSO_866,59.464790299999997,11.0007918,296
FJ_RSO_867,59.814383300000003,11.5239837,295
FJ_RSO_868,59.755425700000004,10.8564708,294
FJ_RSO_869,59.668849600000001,10.8085469,267
FJ_RSO_87,59.3203812,10.905447300000001,1234
FJ_RSO_870,59.599060000000001,11.17596,317
FJ_RSO_871,59.909895310000003,10.98496329,266
FJ_RSO_872,59.100705699999999,10.936019099999999,264
FJ_RSO_873,59.7972927,10.6146698,236
FJ_RSO_874,60.280749999999998,11.33132,235
FJ_RSO_875,60.131543800000003,11.0810999,234
FJ_RSO_876,59.141088699999997,11.2657036,233
FJ_RSO_877,59.190455800000002,10.9197565,232
FJ_RSO_878,59.638390000000001,10.959009999999999,231
FJ_RSO_879,60.423729999999999,11.065009999999999,230
FJ_RSO_88,59.4172017,10.974736399999999,1233
FJ_RSO_880,60.128639999999997,11.501849999999999,229
FJ_RSO_881,59.887259999999998,11.19937,228
FJ_RSO_882,58.984529999999999,11.64068,227
FJ_RSO_883,59.2363,11.154809999999999,237
FJ_RSO_884,59.9200351,10.6149944,226
FJ_RSO_885,60.149650000000001,11.30771,224
FJ_RSO_886,60.054143000000003,11.3751924,223
FJ_RSO_887,59.547701000000004,10.745008199999999,222
FJ_RSO_888,59.793335599999999,10.483194599999999,221
FJ_RSO_889,59.2554114,10.910499400000001,220
FJ_RSO_89,61.530469099999998,6.36435,1232
FJ_RSO_890,60.321109999999997,11.2774,219
FJ_RSO_891,59.915528500000001,10.605718,218
FJ_RSO_892,59.9351384,10.8135297,217
FJ_RSO_893,58.637599299999998,6.0913671999999996,216
FJ_RSO_894,59.217820400000001,10.911008499999999,215
FJ_RSO_895,59.131799999999998,11.41751,225
FJ_RSO_896,59.932709600000003,10.615557000000001,238
FJ_RSO_897,59.334479999999999,10.840820000000001,239
FJ_RSO_898,59.879858200000001,10.6015008,240
FJ_RSO_899,60.461245599999998,11.060012800000001,263
FJ_RSO_9,59.666339200000003,10.2231904,1152
FJ_RSO_90,60.090313000000002,11.388867400000001,1231
FJ_RSO_900,60.124850000000002,11.302670000000001,262
FJ_RSO_901,59.943689999999997,11.58005,261
FJ_RSO_902,59.579086799999999,11.163020700000001,260
FJ_RSO_903,59.133039599999996,11.2143084,259
FJ_RSO_904,60.33755,11.17892,258
FJ_RSO_905,60.272329999999997,11.23776,257
FJ_RSO_906,59.910739999999997,11.57301,256
FJ_RSO_907,59.837429999999998,10.505570000000001,255
FJ_RSO_908,59.778802300000002,10.7083113,254
FJ_RSO_909,59.451035300000001,11.342889899999999,253
FJ_RSO_91,60.610014,10.367779000000001,1230
FJ_RSO_911,60.361244599999999,11.278074999999999,251
FJ_RSO_912,59.413719999999998,11.431900000000001,250
FJ_RSO_913,59.165419999999997,10.93178,249
FJ_RSO_914,59.94903,11.43783,248
FJ_RSO_915,59.298212900000003,10.766097200000001,247
FJ_RSO_916,60.140149999999998,11.020239999999999,246
FJ_RSO_917,60.250212500000004,11.502816599999999,245
FJ_RSO_918,59.283079299999997,10.814973699999999,244
FJ_RSO_919,59.385245300000001,11.64157,243
FJ_RSO_92,59.965045400000001,10.759918499999999,1229
FJ_RSO_920,59.9338275,10.4572228,242
FJ_RSO_921,59.318260000000002,10.87045,241
FJ_RSO_922,59.508929999999999,11.248989999999999,265
FJ_RSO_923,59.428269999999998,11.13457,318
FJ_RSO_924,59.846049999999998,10.47218,319
FJ_RSO_925,59.390709999999999,11.4648,320
FJ_RSO_926,59.055341599999998,11.5630902,396
FJ_RSO_927,59.270110000000003,11.181380000000001,395
FJ_RSO_928,59.278770000000002,11.46331,394
FJ_RSO_93,60.073349999999998,10.887090000000001,1228
FJ_RSO_930,60.49071,11.018140000000001,392
FJ_RSO_932,60.397385,11.2445114,390
FJ_RSO_933,59.9414357,11.3971444,389
FJ_RSO_934,59.254820000000002,11.244999999999999,388
FJ_RSO_935,59.045450000000002,11.111000000000001,387
FJ_RSO_937,59.2436224,10.996881399999999,385
FJ_RSO_938,58.879596200000002,11.535495600000001,384
FJ_RSO_94,59.721281900000001,10.7928502,1227
FJ_RSO_940,60.014800000000001,10.97401,382
FJ_RSO_941,59.475479999999997,11.249650000000001,381
FJ_RSO_942,59.577345700000002,11.1881197,380
FJ_RSO_943,59.463459999999998,10.2778051,379
FJ_RSO_944,59.955379999999998,10.5131189,378
FJ_RSO_945,59.135895099999999,11.342698,377
FJ_RSO_947,59.226990299999997,11.0605292,375
FJ_RSO_948,60.448043599999998,11.0467701,374
FJ_RSO_949,59.451410000000003,11.37637,397
FJ_RSO_95,60.076180000000001,11.03585,1226
FJ_RSO_950,60.275449100000003,11.1902483,399
FJ_RSO_951,59.489109499999998,11.6614133,424
FJ_RSO_952,59.499478000000003,11.088303700000001,400
FJ_RSO_953,59.499029999999998,11.0877,423
FJ_RSO_954,59.80688,10.410360000000001,422
FJ_RSO_955,59.254730000000002,11.11139,421
FJ_RSO_956,60.086730000000003,10.99333,420
FJ_RSO_957,60.048735700000002,11.057180199999999,419
FJ_RSO_958,59.967559999999999,10.794700000000001,418
FJ_RSO_959,60.269763699999999,11.2322898,417
FJ_RSO_96,59.465973200000001,10.692777899999999,1249
FJ_RSO_960,59.586348999999998,11.169626600000001,416
FJ_RSO_961,59.488096200000001,10.896839200000001,415
FJ_RSO_962,59.306710000000002,11.39958,414
FJ_RSO_963,59.247370699999998,11.1077768,413
FJ_RSO_964,59.263026799999999,11.1588364,412
FJ_RSO_965,59.834200000000003,11.481400000000001,411
FJ_RSO_966,59.203760000000003,8.7876300000000001,410
FJ_RSO_967,59.991855899999997,10.961852500000001,409
FJ_RSO_969,59.442806300000001,11.1767935,407
FJ_RSO_97,59.241683899999998,10.9690648,1251
FJ_RSO_970,59.888629000000002,10.7794668,406
FJ_RSO_971,59.645820000000001,11.02533,405
FJ_RSO_972,60.026539999999997,11.33367,404
FJ_RSO_973,59.138350299999999,11.384109799999999,403
FJ_RSO_974,59.432851399999997,11.690572400000001,402
FJ_RSO_975,59.9650088,10.8620614,401
FJ_RSO_976,59.580683399999998,11.105186,373
FJ_RSO_977,59.540230000000001,11.41498,372
FJ_RSO_978,59.969899900000001,11.216838299999999,371
FJ_RSO_979,59.944049999999997,11.74367,370
FJ_RSO_98,59.4343839,10.666938,1276
FJ_RSO_980,59.522460000000002,10.700150000000001,342
FJ_RSO_981,59.435976599999996,11.395974499999999,341
FJ_RSO_982,59.534019999999998,11.59018,340
FJ_RSO_983,59.419939999999997,11.424340000000001,339
FJ_RSO_984,59.502389999999998,11.248290000000001,338
FJ_RSO_986,59.543361699999998,10.7407027,336
FJ_RSO_987,59.667684899999998,11.282099799999999,335
FJ_RSO_988,59.046970000000002,11.006740000000001,334
FJ_RSO_989,59.717854299999999,11.5749093,333
FJ_RSO_99,59.890190400000002,11.543938199999999,1252
FJ_RSO_990,59.958155599999998,10.869002099999999,343
FJ_RSO_991,59.958155599999998,10.869002099999999,332
FJ_RSO_992,59.6587915,10.7718357,330
FJ_RSO_993,60.145319999999998,11.0108,329
FJ_RSO_994,59.44735,11.6835,328
FJ_RSO_995,59.302169999999997,11.28369,327
FJ_RSO_996,59.172829999999998,11.49813,326
FJ_RSO_997,59.462690000000002,11.316879999999999,325
FJ_RSO_998,59.414539499999997,10.6672048,324
FJ_RSO_999,60.152484800000003,11.3198288,323
SL_RSO_1,59.722257300000003,11.1876555,1741
SL_RSO_10,59.4950878,11.1491206,1713
SL_RSO_12,60.235263500000002,10.990662499999999,1711
SL_RSO_13,59.631217599999999,10.754785800000001,1710
SL_RSO_14,59.591624060000001,10.903330459999999,1709
SL_RSO_16,63.438132500000002,10.4464784,1707
SL_RSO_17,59.707596700000003,11.1435868,1722
SL_RSO_22,59.578026000000001,11.114457099999999,1738
SL_RSO_23,59.6058685,11.607713499999999,1737
SL_RSO_24,59.546780200000001,11.4224389,1736
SL_RSO_25,59.272903700000001,11.0847316,1735
SL_RSO_26,59.564705400000001,11.057470500000001,1734
SL_RSO_27,59.631217599999999,10.754785800000001,1740
SL_RSO_28,59.293878300000003,10.9729405,1733
SL_RSO_3,59.606709899999998,10.703803600000001,1720
SL_RSO_31,59.911009,10.7595429,1729
SL_RSO_32,59.491921900000001,11.3899191,1728
SL_RSO_33,59.639288000000001,11.3577774,1727
SL_RSO_35,59.916839600000003,10.7627244,1723
SL_RSO_5,59.658270999999999,10.803048,1718
SL_RSO_6,59.944337400000002,10.8859428,1717
SL_RSO_7,60.2473235,11.2017773,1716
SL_RSO_8,59.079875299999998,11.577330399999999,1715

